C:\Users\najwa\Downloads\smart-cartoon-pipeline-v2\data\cartoon\cs11646164770826376350.jpg,0
C:\Users\najwa\Downloads\smart-cartoon-pipeline-v2\data\cartoon\cs11646722341924611601.jpg,0
C:\Users\najwa\Downloads\smart-cartoon-pipeline-v2\data\cartoon\cs11577489105181609663.jpg,0
C:\Users\najwa\Downloads\smart-cartoon-pipeline-v2\data\cartoon\cs11653429877031093572.jpg,0
C:\Users\najwa\Downloads\smart-cartoon-pipeline-v2\data\real\000976.jpg,1
C:\Users\najwa\Downloads\smart-cartoon-pipeline-v2\data\cartoon\cs11629293233199545268.jpg,0
C:\Users\najwa\Downloads\smart-cartoon-pipeline-v2\data\real\000462.jpg,1
C:\Users\najwa\Downloads\smart-cartoon-pipeline-v2\data\cartoon\cs1150539667445993768.jpg,0
C:\Users\najwa\Downloads\smart-cartoon-pipeline-v2\data\real\000921.jpg,1
C:\Users\najwa\Downloads\smart-cartoon-pipeline-v2\data\real\000790.jpg,1
C:\Users\najwa\Downloads\smart-cartoon-pipeline-v2\data\cartoon\cs11640784390809572183.jpg,0
C:\Users\najwa\Downloads\smart-cartoon-pipeline-v2\data\real\001147.jpg,1
C:\Users\najwa\Downloads\smart-cartoon-pipeline-v2\data\real\000606.jpg,1
C:\Users\najwa\Downloads\smart-cartoon-pipeline-v2\data\real\000091.jpg,1
C:\Users\najwa\Downloads\smart-cartoon-pipeline-v2\data\real\000943.jpg,1
C:\Users\najwa\Downloads\smart-cartoon-pipeline-v2\data\cartoon\cs117402233261301689.jpg,0
C:\Users\najwa\Downloads\smart-cartoon-pipeline-v2\data\cartoon\cs11597344827719367674.jpg,0
C:\Users\najwa\Downloads\smart-cartoon-pipeline-v2\data\cartoon\cs11574420497591800106.jpg,0
C:\Users\najwa\Downloads\smart-cartoon-pipeline-v2\data\cartoon\cs11595140531194424297.jpg,0
C:\Users\najwa\Downloads\smart-cartoon-pipeline-v2\data\cartoon\cs11599741776086529459.jpg,0
C:\Users\najwa\Downloads\smart-cartoon-pipeline-v2\data\cartoon\cs119922461849530383.jpg,0
C:\Users\najwa\Downloads\smart-cartoon-pipeline-v2\data\real\000411.jpg,1
C:\Users\najwa\Downloads\smart-cartoon-pipeline-v2\data\cartoon\cs11621142807659909577.jpg,0
C:\Users\najwa\Downloads\smart-cartoon-pipeline-v2\data\cartoon\cs11527504984638770872.jpg,0
C:\Users\najwa\Downloads\smart-cartoon-pipeline-v2\data\cartoon\cs11657690704608251379.jpg,0
C:\Users\najwa\Downloads\smart-cartoon-pipeline-v2\data\cartoon\cs11630714424292775760.jpg,0
C:\Users\najwa\Downloads\smart-cartoon-pipeline-v2\data\real\000798.jpg,1
C:\Users\najwa\Downloads\smart-cartoon-pipeline-v2\data\cartoon\cs126384338260586398.jpg,0
C:\Users\najwa\Downloads\smart-cartoon-pipeline-v2\data\cartoon\cs11616541314191090420.jpg,0
C:\Users\najwa\Downloads\smart-cartoon-pipeline-v2\data\real\000230.jpg,1
C:\Users\najwa\Downloads\smart-cartoon-pipeline-v2\data\cartoon\cs11515536662584334850.jpg,0
C:\Users\najwa\Downloads\smart-cartoon-pipeline-v2\data\cartoon\cs11627529395177589980.jpg,0
C:\Users\najwa\Downloads\smart-cartoon-pipeline-v2\data\cartoon\cs11503376725220130533.jpg,0
C:\Users\najwa\Downloads\smart-cartoon-pipeline-v2\data\real\000918.jpg,1
C:\Users\najwa\Downloads\smart-cartoon-pipeline-v2\data\real\000546.jpg,1
C:\Users\najwa\Downloads\smart-cartoon-pipeline-v2\data\real\000955.jpg,1
C:\Users\najwa\Downloads\smart-cartoon-pipeline-v2\data\cartoon\cs11653644444375396362.jpg,0
C:\Users\najwa\Downloads\smart-cartoon-pipeline-v2\data\real\000333.jpg,1
C:\Users\najwa\Downloads\smart-cartoon-pipeline-v2\data\real\000704.jpg,1
C:\Users\najwa\Downloads\smart-cartoon-pipeline-v2\data\real\000281.jpg,1
C:\Users\najwa\Downloads\smart-cartoon-pipeline-v2\data\cartoon\cs11642593474276041814.jpg,0
C:\Users\najwa\Downloads\smart-cartoon-pipeline-v2\data\cartoon\cs11509760117046770807.jpg,0
C:\Users\najwa\Downloads\smart-cartoon-pipeline-v2\data\real\000300.jpg,1
C:\Users\najwa\Downloads\smart-cartoon-pipeline-v2\data\cartoon\cs11570362832073289063.jpg,0
C:\Users\najwa\Downloads\smart-cartoon-pipeline-v2\data\cartoon\cs11620420870136800773.jpg,0
C:\Users\najwa\Downloads\smart-cartoon-pipeline-v2\data\real\000339.jpg,1
C:\Users\najwa\Downloads\smart-cartoon-pipeline-v2\data\cartoon\cs11555531242451492342.jpg,0
C:\Users\najwa\Downloads\smart-cartoon-pipeline-v2\data\real\000211.jpg,1
C:\Users\najwa\Downloads\smart-cartoon-pipeline-v2\data\real\000811.jpg,1
C:\Users\najwa\Downloads\smart-cartoon-pipeline-v2\data\real\000066.jpg,1
C:\Users\najwa\Downloads\smart-cartoon-pipeline-v2\data\cartoon\cs121725746906097086.jpg,0
C:\Users\najwa\Downloads\smart-cartoon-pipeline-v2\data\real\001085.jpg,1
C:\Users\najwa\Downloads\smart-cartoon-pipeline-v2\data\cartoon\cs11549843467548502561.jpg,0
C:\Users\najwa\Downloads\smart-cartoon-pipeline-v2\data\real\000609.jpg,1
C:\Users\najwa\Downloads\smart-cartoon-pipeline-v2\data\real\000640.jpg,1
C:\Users\najwa\Downloads\smart-cartoon-pipeline-v2\data\cartoon\cs1150441896855310425.jpg,0
C:\Users\najwa\Downloads\smart-cartoon-pipeline-v2\data\cartoon\cs11544631536186824675.jpg,0
C:\Users\najwa\Downloads\smart-cartoon-pipeline-v2\data\real\000340.jpg,1
C:\Users\najwa\Downloads\smart-cartoon-pipeline-v2\data\cartoon\cs11517624651259942839.jpg,0
C:\Users\najwa\Downloads\smart-cartoon-pipeline-v2\data\cartoon\cs11526260936302402649.jpg,0
C:\Users\najwa\Downloads\smart-cartoon-pipeline-v2\data\cartoon\cs11535792552070321797.jpg,0
C:\Users\najwa\Downloads\smart-cartoon-pipeline-v2\data\cartoon\cs11555914327205483861.jpg,0
C:\Users\najwa\Downloads\smart-cartoon-pipeline-v2\data\real\000460.jpg,1
C:\Users\najwa\Downloads\smart-cartoon-pipeline-v2\data\real\000596.jpg,1
C:\Users\najwa\Downloads\smart-cartoon-pipeline-v2\data\real\000469.jpg,1
C:\Users\najwa\Downloads\smart-cartoon-pipeline-v2\data\cartoon\cs1155682220862707578.jpg,0
C:\Users\najwa\Downloads\smart-cartoon-pipeline-v2\data\cartoon\cs11510362579052032059.jpg,0
C:\Users\najwa\Downloads\smart-cartoon-pipeline-v2\data\cartoon\cs11503227606926729000.jpg,0
C:\Users\najwa\Downloads\smart-cartoon-pipeline-v2\data\real\000987.jpg,1
C:\Users\najwa\Downloads\smart-cartoon-pipeline-v2\data\cartoon\cs11508317313920133791.jpg,0
C:\Users\najwa\Downloads\smart-cartoon-pipeline-v2\data\cartoon\cs11587552181652209952.jpg,0
C:\Users\najwa\Downloads\smart-cartoon-pipeline-v2\data\cartoon\cs11517688929854651398.jpg,0
C:\Users\najwa\Downloads\smart-cartoon-pipeline-v2\data\cartoon\cs11565999261832226274.jpg,0
C:\Users\najwa\Downloads\smart-cartoon-pipeline-v2\data\real\000265.jpg,1
C:\Users\najwa\Downloads\smart-cartoon-pipeline-v2\data\cartoon\cs11645973453624956617.jpg,0
C:\Users\najwa\Downloads\smart-cartoon-pipeline-v2\data\real\000573.jpg,1
C:\Users\najwa\Downloads\smart-cartoon-pipeline-v2\data\cartoon\cs11635774523181200141.jpg,0
C:\Users\najwa\Downloads\smart-cartoon-pipeline-v2\data\cartoon\cs11609099910753962160.jpg,0
C:\Users\najwa\Downloads\smart-cartoon-pipeline-v2\data\cartoon\cs11613169219348021464.jpg,0
C:\Users\najwa\Downloads\smart-cartoon-pipeline-v2\data\real\000164.jpg,1
C:\Users\najwa\Downloads\smart-cartoon-pipeline-v2\data\cartoon\cs12676826174300739.jpg,0
C:\Users\najwa\Downloads\smart-cartoon-pipeline-v2\data\real\000116.jpg,1
C:\Users\najwa\Downloads\smart-cartoon-pipeline-v2\data\cartoon\cs11609547950217942776.jpg,0
C:\Users\najwa\Downloads\smart-cartoon-pipeline-v2\data\real\000286.jpg,1
C:\Users\najwa\Downloads\smart-cartoon-pipeline-v2\data\cartoon\cs11599784049991259950.jpg,0
C:\Users\najwa\Downloads\smart-cartoon-pipeline-v2\data\real\000083.jpg,1
C:\Users\najwa\Downloads\smart-cartoon-pipeline-v2\data\real\000121.jpg,1
C:\Users\najwa\Downloads\smart-cartoon-pipeline-v2\data\cartoon\cs11525784964003677290.jpg,0
C:\Users\najwa\Downloads\smart-cartoon-pipeline-v2\data\real\000721.jpg,1
C:\Users\najwa\Downloads\smart-cartoon-pipeline-v2\data\cartoon\cs11505059720704474818.jpg,0
C:\Users\najwa\Downloads\smart-cartoon-pipeline-v2\data\real\001039.jpg,1
C:\Users\najwa\Downloads\smart-cartoon-pipeline-v2\data\real\001152.jpg,1
C:\Users\najwa\Downloads\smart-cartoon-pipeline-v2\data\real\000235.jpg,1
C:\Users\najwa\Downloads\smart-cartoon-pipeline-v2\data\cartoon\cs11542814924331596992.jpg,0
C:\Users\najwa\Downloads\smart-cartoon-pipeline-v2\data\cartoon\cs11643194277302016174.jpg,0
C:\Users\najwa\Downloads\smart-cartoon-pipeline-v2\data\real\000228.jpg,1
C:\Users\najwa\Downloads\smart-cartoon-pipeline-v2\data\cartoon\cs11645648600011468722.jpg,0
C:\Users\najwa\Downloads\smart-cartoon-pipeline-v2\data\cartoon\cs11650545010830161027.jpg,0
C:\Users\najwa\Downloads\smart-cartoon-pipeline-v2\data\real\000924.jpg,1
C:\Users\najwa\Downloads\smart-cartoon-pipeline-v2\data\cartoon\cs11562085746546323278.jpg,0
C:\Users\najwa\Downloads\smart-cartoon-pipeline-v2\data\real\001081.jpg,1
C:\Users\najwa\Downloads\smart-cartoon-pipeline-v2\data\cartoon\cs11656704164334139747.jpg,0
C:\Users\najwa\Downloads\smart-cartoon-pipeline-v2\data\real\000443.jpg,1
C:\Users\najwa\Downloads\smart-cartoon-pipeline-v2\data\cartoon\cs11651423088932904052.jpg,0
C:\Users\najwa\Downloads\smart-cartoon-pipeline-v2\data\real\000042.jpg,1
C:\Users\najwa\Downloads\smart-cartoon-pipeline-v2\data\real\000092.jpg,1
C:\Users\najwa\Downloads\smart-cartoon-pipeline-v2\data\cartoon\cs11591567783971900042.jpg,0
C:\Users\najwa\Downloads\smart-cartoon-pipeline-v2\data\real\000846.jpg,1
C:\Users\najwa\Downloads\smart-cartoon-pipeline-v2\data\real\000555.jpg,1
C:\Users\najwa\Downloads\smart-cartoon-pipeline-v2\data\real\000668.jpg,1
C:\Users\najwa\Downloads\smart-cartoon-pipeline-v2\data\real\000213.jpg,1
C:\Users\najwa\Downloads\smart-cartoon-pipeline-v2\data\cartoon\cs11585620563645151808.jpg,0
C:\Users\najwa\Downloads\smart-cartoon-pipeline-v2\data\cartoon\cs11619428297122270358.jpg,0
C:\Users\najwa\Downloads\smart-cartoon-pipeline-v2\data\cartoon\cs11638369191988988514.jpg,0
C:\Users\najwa\Downloads\smart-cartoon-pipeline-v2\data\real\001144.jpg,1
C:\Users\najwa\Downloads\smart-cartoon-pipeline-v2\data\cartoon\cs11626353283681033665.jpg,0
C:\Users\najwa\Downloads\smart-cartoon-pipeline-v2\data\real\001170.jpg,1
C:\Users\najwa\Downloads\smart-cartoon-pipeline-v2\data\real\001099.jpg,1
C:\Users\najwa\Downloads\smart-cartoon-pipeline-v2\data\real\000903.jpg,1
C:\Users\najwa\Downloads\smart-cartoon-pipeline-v2\data\real\000497.jpg,1
C:\Users\najwa\Downloads\smart-cartoon-pipeline-v2\data\cartoon\cs119922620242101170.jpg,0
C:\Users\najwa\Downloads\smart-cartoon-pipeline-v2\data\real\000379.jpg,1
C:\Users\najwa\Downloads\smart-cartoon-pipeline-v2\data\cartoon\cs11647996571855459814.jpg,0
C:\Users\najwa\Downloads\smart-cartoon-pipeline-v2\data\real\001082.jpg,1
C:\Users\najwa\Downloads\smart-cartoon-pipeline-v2\data\cartoon\cs11544398498507063526.jpg,0
C:\Users\najwa\Downloads\smart-cartoon-pipeline-v2\data\cartoon\cs11606512686750944454.jpg,0
C:\Users\najwa\Downloads\smart-cartoon-pipeline-v2\data\real\001158.jpg,1
C:\Users\najwa\Downloads\smart-cartoon-pipeline-v2\data\cartoon\cs120693550341613305.jpg,0
C:\Users\najwa\Downloads\smart-cartoon-pipeline-v2\data\cartoon\cs11519267353465274423.jpg,0
C:\Users\najwa\Downloads\smart-cartoon-pipeline-v2\data\real\000474.jpg,1
C:\Users\najwa\Downloads\smart-cartoon-pipeline-v2\data\real\000337.jpg,1
C:\Users\najwa\Downloads\smart-cartoon-pipeline-v2\data\cartoon\cs11536227100657186833.jpg,0
C:\Users\najwa\Downloads\smart-cartoon-pipeline-v2\data\cartoon\cs11655500301555006514.jpg,0
C:\Users\najwa\Downloads\smart-cartoon-pipeline-v2\data\real\000709.jpg,1
C:\Users\najwa\Downloads\smart-cartoon-pipeline-v2\data\cartoon\cs11653026778695684827.jpg,0
C:\Users\najwa\Downloads\smart-cartoon-pipeline-v2\data\cartoon\cs11558395347837080977.jpg,0
C:\Users\najwa\Downloads\smart-cartoon-pipeline-v2\data\real\001012.jpg,1
C:\Users\najwa\Downloads\smart-cartoon-pipeline-v2\data\cartoon\cs11604590114037546016.jpg,0
C:\Users\najwa\Downloads\smart-cartoon-pipeline-v2\data\cartoon\cs1157821855070002332.jpg,0
C:\Users\najwa\Downloads\smart-cartoon-pipeline-v2\data\cartoon\cs11504448006309496971.jpg,0
C:\Users\najwa\Downloads\smart-cartoon-pipeline-v2\data\cartoon\cs11633278755313936592.jpg,0
C:\Users\najwa\Downloads\smart-cartoon-pipeline-v2\data\cartoon\cs1156570385207812503.jpg,0
C:\Users\najwa\Downloads\smart-cartoon-pipeline-v2\data\cartoon\cs1160256842841361325.jpg,0
C:\Users\najwa\Downloads\smart-cartoon-pipeline-v2\data\real\000053.jpg,1
C:\Users\najwa\Downloads\smart-cartoon-pipeline-v2\data\cartoon\cs11503861326265120153.jpg,0
C:\Users\najwa\Downloads\smart-cartoon-pipeline-v2\data\cartoon\cs11576573725541679742.jpg,0
C:\Users\najwa\Downloads\smart-cartoon-pipeline-v2\data\cartoon\cs11621878639897853921.jpg,0
C:\Users\najwa\Downloads\smart-cartoon-pipeline-v2\data\real\001096.jpg,1
C:\Users\najwa\Downloads\smart-cartoon-pipeline-v2\data\cartoon\cs123082353525468280.jpg,0
C:\Users\najwa\Downloads\smart-cartoon-pipeline-v2\data\cartoon\cs11578825911272227246.jpg,0
C:\Users\najwa\Downloads\smart-cartoon-pipeline-v2\data\cartoon\cs11616533902258561000.jpg,0
C:\Users\najwa\Downloads\smart-cartoon-pipeline-v2\data\cartoon\cs120974288016264139.jpg,0
C:\Users\najwa\Downloads\smart-cartoon-pipeline-v2\data\cartoon\cs11629739512855650993.jpg,0
C:\Users\najwa\Downloads\smart-cartoon-pipeline-v2\data\cartoon\cs11546703724830454325.jpg,0
C:\Users\najwa\Downloads\smart-cartoon-pipeline-v2\data\cartoon\cs11620325594826003821.jpg,0
C:\Users\najwa\Downloads\smart-cartoon-pipeline-v2\data\cartoon\cs119141891064964910.jpg,0
C:\Users\najwa\Downloads\smart-cartoon-pipeline-v2\data\cartoon\cs11645779465464632635.jpg,0
C:\Users\najwa\Downloads\smart-cartoon-pipeline-v2\data\real\000179.jpg,1
C:\Users\najwa\Downloads\smart-cartoon-pipeline-v2\data\cartoon\cs11589689217257434010.jpg,0
C:\Users\najwa\Downloads\smart-cartoon-pipeline-v2\data\real\000705.jpg,1
C:\Users\najwa\Downloads\smart-cartoon-pipeline-v2\data\cartoon\cs11508792577496603262.jpg,0
C:\Users\najwa\Downloads\smart-cartoon-pipeline-v2\data\real\000197.jpg,1
C:\Users\najwa\Downloads\smart-cartoon-pipeline-v2\data\real\001153.jpg,1
C:\Users\najwa\Downloads\smart-cartoon-pipeline-v2\data\real\000545.jpg,1
C:\Users\najwa\Downloads\smart-cartoon-pipeline-v2\data\real\000777.jpg,1
C:\Users\najwa\Downloads\smart-cartoon-pipeline-v2\data\cartoon\cs11651485289739476625.jpg,0
C:\Users\najwa\Downloads\smart-cartoon-pipeline-v2\data\real\000536.jpg,1
C:\Users\najwa\Downloads\smart-cartoon-pipeline-v2\data\real\000518.jpg,1
C:\Users\najwa\Downloads\smart-cartoon-pipeline-v2\data\real\000776.jpg,1
C:\Users\najwa\Downloads\smart-cartoon-pipeline-v2\data\real\000741.jpg,1
C:\Users\najwa\Downloads\smart-cartoon-pipeline-v2\data\real\000977.jpg,1
C:\Users\najwa\Downloads\smart-cartoon-pipeline-v2\data\cartoon\cs11646910522413415681.jpg,0
C:\Users\najwa\Downloads\smart-cartoon-pipeline-v2\data\real\000173.jpg,1
C:\Users\najwa\Downloads\smart-cartoon-pipeline-v2\data\real\000261.jpg,1
C:\Users\najwa\Downloads\smart-cartoon-pipeline-v2\data\cartoon\cs11646416080743330020.jpg,0
C:\Users\najwa\Downloads\smart-cartoon-pipeline-v2\data\real\000048.jpg,1
C:\Users\najwa\Downloads\smart-cartoon-pipeline-v2\data\cartoon\cs11583113073928192331.jpg,0
C:\Users\najwa\Downloads\smart-cartoon-pipeline-v2\data\real\000017.jpg,1
C:\Users\najwa\Downloads\smart-cartoon-pipeline-v2\data\real\000552.jpg,1
C:\Users\najwa\Downloads\smart-cartoon-pipeline-v2\data\cartoon\cs11605519495394522641.jpg,0
C:\Users\najwa\Downloads\smart-cartoon-pipeline-v2\data\real\000263.jpg,1
C:\Users\najwa\Downloads\smart-cartoon-pipeline-v2\data\cartoon\cs11625773020395743390.jpg,0
C:\Users\najwa\Downloads\smart-cartoon-pipeline-v2\data\cartoon\cs11542235875411404626.jpg,0
C:\Users\najwa\Downloads\smart-cartoon-pipeline-v2\data\real\000054.jpg,1
C:\Users\najwa\Downloads\smart-cartoon-pipeline-v2\data\cartoon\cs11575587917615839779.jpg,0
C:\Users\najwa\Downloads\smart-cartoon-pipeline-v2\data\cartoon\cs11552548012005181309.jpg,0
C:\Users\najwa\Downloads\smart-cartoon-pipeline-v2\data\real\000720.jpg,1
C:\Users\najwa\Downloads\smart-cartoon-pipeline-v2\data\real\000416.jpg,1
C:\Users\najwa\Downloads\smart-cartoon-pipeline-v2\data\cartoon\cs11643659240059994801.jpg,0
C:\Users\najwa\Downloads\smart-cartoon-pipeline-v2\data\real\000363.jpg,1
C:\Users\najwa\Downloads\smart-cartoon-pipeline-v2\data\cartoon\cs11530794256925489372.jpg,0
C:\Users\najwa\Downloads\smart-cartoon-pipeline-v2\data\cartoon\cs11639981732708394214.jpg,0
C:\Users\najwa\Downloads\smart-cartoon-pipeline-v2\data\real\000410.jpg,1
C:\Users\najwa\Downloads\smart-cartoon-pipeline-v2\data\real\001161.jpg,1
C:\Users\najwa\Downloads\smart-cartoon-pipeline-v2\data\real\000394.jpg,1
C:\Users\najwa\Downloads\smart-cartoon-pipeline-v2\data\cartoon\cs11514425504367482095.jpg,0
C:\Users\najwa\Downloads\smart-cartoon-pipeline-v2\data\cartoon\cs11650029734688892697.jpg,0
C:\Users\najwa\Downloads\smart-cartoon-pipeline-v2\data\real\001128.jpg,1
C:\Users\najwa\Downloads\smart-cartoon-pipeline-v2\data\cartoon\cs11616942953625259167.jpg,0
C:\Users\najwa\Downloads\smart-cartoon-pipeline-v2\data\cartoon\cs11583573851941642932.jpg,0
C:\Users\najwa\Downloads\smart-cartoon-pipeline-v2\data\real\000330.jpg,1
C:\Users\najwa\Downloads\smart-cartoon-pipeline-v2\data\cartoon\cs11616640208060425492.jpg,0
C:\Users\najwa\Downloads\smart-cartoon-pipeline-v2\data\real\000861.jpg,1
C:\Users\najwa\Downloads\smart-cartoon-pipeline-v2\data\cartoon\cs11548092111048039216.jpg,0
C:\Users\najwa\Downloads\smart-cartoon-pipeline-v2\data\real\001057.jpg,1
C:\Users\najwa\Downloads\smart-cartoon-pipeline-v2\data\real\000563.jpg,1
C:\Users\najwa\Downloads\smart-cartoon-pipeline-v2\data\cartoon\cs11644801065277371869.jpg,0
C:\Users\najwa\Downloads\smart-cartoon-pipeline-v2\data\cartoon\cs11568465443194528419.jpg,0
C:\Users\najwa\Downloads\smart-cartoon-pipeline-v2\data\real\000879.jpg,1
C:\Users\najwa\Downloads\smart-cartoon-pipeline-v2\data\real\000125.jpg,1
C:\Users\najwa\Downloads\smart-cartoon-pipeline-v2\data\cartoon\cs11565629356103277985.jpg,0
C:\Users\najwa\Downloads\smart-cartoon-pipeline-v2\data\cartoon\cs11562349899350558539.jpg,0
C:\Users\najwa\Downloads\smart-cartoon-pipeline-v2\data\cartoon\cs11585963845332294441.jpg,0
C:\Users\najwa\Downloads\smart-cartoon-pipeline-v2\data\cartoon\cs11656722570312617014.jpg,0
C:\Users\najwa\Downloads\smart-cartoon-pipeline-v2\data\cartoon\cs11569326078077843164.jpg,0
C:\Users\najwa\Downloads\smart-cartoon-pipeline-v2\data\real\000684.jpg,1
C:\Users\najwa\Downloads\smart-cartoon-pipeline-v2\data\cartoon\cs11588563379576001152.jpg,0
C:\Users\najwa\Downloads\smart-cartoon-pipeline-v2\data\real\000591.jpg,1
C:\Users\najwa\Downloads\smart-cartoon-pipeline-v2\data\real\000137.jpg,1
C:\Users\najwa\Downloads\smart-cartoon-pipeline-v2\data\real\001013.jpg,1
C:\Users\najwa\Downloads\smart-cartoon-pipeline-v2\data\real\000262.jpg,1
C:\Users\najwa\Downloads\smart-cartoon-pipeline-v2\data\real\000833.jpg,1
C:\Users\najwa\Downloads\smart-cartoon-pipeline-v2\data\cartoon\cs11632022972672309951.jpg,0
C:\Users\najwa\Downloads\smart-cartoon-pipeline-v2\data\cartoon\cs11520068020274282505.jpg,0
C:\Users\najwa\Downloads\smart-cartoon-pipeline-v2\data\real\000352.jpg,1
C:\Users\najwa\Downloads\smart-cartoon-pipeline-v2\data\cartoon\cs11578840517966013315.jpg,0
C:\Users\najwa\Downloads\smart-cartoon-pipeline-v2\data\cartoon\cs11587304854895562999.jpg,0
C:\Users\najwa\Downloads\smart-cartoon-pipeline-v2\data\real\000667.jpg,1
C:\Users\najwa\Downloads\smart-cartoon-pipeline-v2\data\real\000492.jpg,1
C:\Users\najwa\Downloads\smart-cartoon-pipeline-v2\data\cartoon\cs11640390655507127124.jpg,0
C:\Users\najwa\Downloads\smart-cartoon-pipeline-v2\data\cartoon\cs11637892844974323004.jpg,0
C:\Users\najwa\Downloads\smart-cartoon-pipeline-v2\data\real\000489.jpg,1
C:\Users\najwa\Downloads\smart-cartoon-pipeline-v2\data\cartoon\cs11649239677849450479.jpg,0
C:\Users\najwa\Downloads\smart-cartoon-pipeline-v2\data\cartoon\cs11505003983413828479.jpg,0
C:\Users\najwa\Downloads\smart-cartoon-pipeline-v2\data\cartoon\cs11570107509747679492.jpg,0
C:\Users\najwa\Downloads\smart-cartoon-pipeline-v2\data\real\001079.jpg,1
C:\Users\najwa\Downloads\smart-cartoon-pipeline-v2\data\real\000860.jpg,1
C:\Users\najwa\Downloads\smart-cartoon-pipeline-v2\data\real\000392.jpg,1
C:\Users\najwa\Downloads\smart-cartoon-pipeline-v2\data\cartoon\cs11588016795405572668.jpg,0
C:\Users\najwa\Downloads\smart-cartoon-pipeline-v2\data\real\000508.jpg,1
C:\Users\najwa\Downloads\smart-cartoon-pipeline-v2\data\real\001143.jpg,1
C:\Users\najwa\Downloads\smart-cartoon-pipeline-v2\data\cartoon\cs11555146838567006541.jpg,0
C:\Users\najwa\Downloads\smart-cartoon-pipeline-v2\data\cartoon\cs11655015246531083281.jpg,0
C:\Users\najwa\Downloads\smart-cartoon-pipeline-v2\data\cartoon\cs11550246070675862089.jpg,0
C:\Users\najwa\Downloads\smart-cartoon-pipeline-v2\data\real\001102.jpg,1
C:\Users\najwa\Downloads\smart-cartoon-pipeline-v2\data\real\000565.jpg,1
C:\Users\najwa\Downloads\smart-cartoon-pipeline-v2\data\real\000428.jpg,1
C:\Users\najwa\Downloads\smart-cartoon-pipeline-v2\data\cartoon\cs11569247733141159024.jpg,0
C:\Users\najwa\Downloads\smart-cartoon-pipeline-v2\data\real\001059.jpg,1
C:\Users\najwa\Downloads\smart-cartoon-pipeline-v2\data\real\000702.jpg,1
C:\Users\najwa\Downloads\smart-cartoon-pipeline-v2\data\real\000326.jpg,1
C:\Users\najwa\Downloads\smart-cartoon-pipeline-v2\data\cartoon\cs11641641223890809493.jpg,0
C:\Users\najwa\Downloads\smart-cartoon-pipeline-v2\data\real\000561.jpg,1
C:\Users\najwa\Downloads\smart-cartoon-pipeline-v2\data\real\001139.jpg,1
C:\Users\najwa\Downloads\smart-cartoon-pipeline-v2\data\real\000863.jpg,1
C:\Users\najwa\Downloads\smart-cartoon-pipeline-v2\data\cartoon\cs12840224836171446.jpg,0
C:\Users\najwa\Downloads\smart-cartoon-pipeline-v2\data\cartoon\cs11622728920752781692.jpg,0
C:\Users\najwa\Downloads\smart-cartoon-pipeline-v2\data\real\000830.jpg,1
C:\Users\najwa\Downloads\smart-cartoon-pipeline-v2\data\real\000062.jpg,1
C:\Users\najwa\Downloads\smart-cartoon-pipeline-v2\data\real\000583.jpg,1
C:\Users\najwa\Downloads\smart-cartoon-pipeline-v2\data\real\000178.jpg,1
C:\Users\najwa\Downloads\smart-cartoon-pipeline-v2\data\cartoon\cs11611015202178708689.jpg,0
C:\Users\najwa\Downloads\smart-cartoon-pipeline-v2\data\real\000917.jpg,1
C:\Users\najwa\Downloads\smart-cartoon-pipeline-v2\data\cartoon\cs11515025118691507782.jpg,0
C:\Users\najwa\Downloads\smart-cartoon-pipeline-v2\data\cartoon\cs11508874993455027637.jpg,0
C:\Users\najwa\Downloads\smart-cartoon-pipeline-v2\data\real\000404.jpg,1
C:\Users\najwa\Downloads\smart-cartoon-pipeline-v2\data\real\000802.jpg,1
C:\Users\najwa\Downloads\smart-cartoon-pipeline-v2\data\cartoon\cs11654548800171835506.jpg,0
C:\Users\najwa\Downloads\smart-cartoon-pipeline-v2\data\real\000204.jpg,1
C:\Users\najwa\Downloads\smart-cartoon-pipeline-v2\data\cartoon\cs11553157490107845090.jpg,0
C:\Users\najwa\Downloads\smart-cartoon-pipeline-v2\data\cartoon\cs11637576645609742505.jpg,0
C:\Users\najwa\Downloads\smart-cartoon-pipeline-v2\data\cartoon\cs11567011553874694365.jpg,0
C:\Users\najwa\Downloads\smart-cartoon-pipeline-v2\data\cartoon\cs11551663204210705686.jpg,0
C:\Users\najwa\Downloads\smart-cartoon-pipeline-v2\data\cartoon\cs11586298978952931151.jpg,0
C:\Users\najwa\Downloads\smart-cartoon-pipeline-v2\data\cartoon\cs11514987799215370280.jpg,0
C:\Users\najwa\Downloads\smart-cartoon-pipeline-v2\data\cartoon\cs11603459197303950490.jpg,0
C:\Users\najwa\Downloads\smart-cartoon-pipeline-v2\data\cartoon\cs11525774408839953705.jpg,0
C:\Users\najwa\Downloads\smart-cartoon-pipeline-v2\data\cartoon\cs11572920917706153863.jpg,0
C:\Users\najwa\Downloads\smart-cartoon-pipeline-v2\data\real\000104.jpg,1
C:\Users\najwa\Downloads\smart-cartoon-pipeline-v2\data\real\000415.jpg,1
C:\Users\najwa\Downloads\smart-cartoon-pipeline-v2\data\real\000212.jpg,1
C:\Users\najwa\Downloads\smart-cartoon-pipeline-v2\data\real\000482.jpg,1
C:\Users\najwa\Downloads\smart-cartoon-pipeline-v2\data\real\000030.jpg,1
C:\Users\najwa\Downloads\smart-cartoon-pipeline-v2\data\cartoon\cs11504697480241141548.jpg,0
C:\Users\najwa\Downloads\smart-cartoon-pipeline-v2\data\cartoon\cs11554238184059325537.jpg,0
C:\Users\najwa\Downloads\smart-cartoon-pipeline-v2\data\cartoon\cs11553137440234694204.jpg,0
C:\Users\najwa\Downloads\smart-cartoon-pipeline-v2\data\real\000653.jpg,1
C:\Users\najwa\Downloads\smart-cartoon-pipeline-v2\data\cartoon\cs11599889052387428399.jpg,0
C:\Users\najwa\Downloads\smart-cartoon-pipeline-v2\data\real\000975.jpg,1
C:\Users\najwa\Downloads\smart-cartoon-pipeline-v2\data\real\000868.jpg,1
C:\Users\najwa\Downloads\smart-cartoon-pipeline-v2\data\cartoon\cs11621260792497005631.jpg,0
C:\Users\najwa\Downloads\smart-cartoon-pipeline-v2\data\cartoon\cs11516626601055717799.jpg,0
C:\Users\najwa\Downloads\smart-cartoon-pipeline-v2\data\real\000961.jpg,1
C:\Users\najwa\Downloads\smart-cartoon-pipeline-v2\data\real\000981.jpg,1
C:\Users\najwa\Downloads\smart-cartoon-pipeline-v2\data\cartoon\cs1159873588679376297.jpg,0
C:\Users\najwa\Downloads\smart-cartoon-pipeline-v2\data\real\000713.jpg,1
C:\Users\najwa\Downloads\smart-cartoon-pipeline-v2\data\cartoon\cs11616927217387122225.jpg,0
C:\Users\najwa\Downloads\smart-cartoon-pipeline-v2\data\real\001058.jpg,1
C:\Users\najwa\Downloads\smart-cartoon-pipeline-v2\data\real\000229.jpg,1
C:\Users\najwa\Downloads\smart-cartoon-pipeline-v2\data\cartoon\cs11645910274865104430.jpg,0
C:\Users\najwa\Downloads\smart-cartoon-pipeline-v2\data\real\000220.jpg,1
C:\Users\najwa\Downloads\smart-cartoon-pipeline-v2\data\cartoon\cs116765035013887463.jpg,0
C:\Users\najwa\Downloads\smart-cartoon-pipeline-v2\data\real\000450.jpg,1
C:\Users\najwa\Downloads\smart-cartoon-pipeline-v2\data\cartoon\cs11607410490572394981.jpg,0
C:\Users\najwa\Downloads\smart-cartoon-pipeline-v2\data\cartoon\cs11619785223718773415.jpg,0
C:\Users\najwa\Downloads\smart-cartoon-pipeline-v2\data\real\000820.jpg,1
C:\Users\najwa\Downloads\smart-cartoon-pipeline-v2\data\cartoon\cs11651156602648768069.jpg,0
C:\Users\najwa\Downloads\smart-cartoon-pipeline-v2\data\real\001047.jpg,1
C:\Users\najwa\Downloads\smart-cartoon-pipeline-v2\data\cartoon\cs11584022891659486465.jpg,0
C:\Users\najwa\Downloads\smart-cartoon-pipeline-v2\data\real\000737.jpg,1
C:\Users\najwa\Downloads\smart-cartoon-pipeline-v2\data\cartoon\cs11583381770102162611.jpg,0
C:\Users\najwa\Downloads\smart-cartoon-pipeline-v2\data\real\000013.jpg,1
C:\Users\najwa\Downloads\smart-cartoon-pipeline-v2\data\cartoon\cs11578103895831682261.jpg,0
C:\Users\najwa\Downloads\smart-cartoon-pipeline-v2\data\real\000245.jpg,1
C:\Users\najwa\Downloads\smart-cartoon-pipeline-v2\data\real\000295.jpg,1
C:\Users\najwa\Downloads\smart-cartoon-pipeline-v2\data\real\000298.jpg,1
C:\Users\najwa\Downloads\smart-cartoon-pipeline-v2\data\cartoon\cs11513774183962984755.jpg,0
C:\Users\najwa\Downloads\smart-cartoon-pipeline-v2\data\cartoon\cs11538452470406101112.jpg,0
C:\Users\najwa\Downloads\smart-cartoon-pipeline-v2\data\cartoon\cs11550352672710228681.jpg,0
C:\Users\najwa\Downloads\smart-cartoon-pipeline-v2\data\real\000841.jpg,1
C:\Users\najwa\Downloads\smart-cartoon-pipeline-v2\data\cartoon\cs11568293761300475646.jpg,0
C:\Users\najwa\Downloads\smart-cartoon-pipeline-v2\data\cartoon\cs11526565178138168427.jpg,0
C:\Users\najwa\Downloads\smart-cartoon-pipeline-v2\data\real\000344.jpg,1
C:\Users\najwa\Downloads\smart-cartoon-pipeline-v2\data\cartoon\cs11519705119271164699.jpg,0
C:\Users\najwa\Downloads\smart-cartoon-pipeline-v2\data\real\000423.jpg,1
C:\Users\najwa\Downloads\smart-cartoon-pipeline-v2\data\real\000507.jpg,1
C:\Users\najwa\Downloads\smart-cartoon-pipeline-v2\data\cartoon\cs1156688326714757539.jpg,0
C:\Users\najwa\Downloads\smart-cartoon-pipeline-v2\data\real\000743.jpg,1
C:\Users\najwa\Downloads\smart-cartoon-pipeline-v2\data\cartoon\cs1157555169233751659.jpg,0
C:\Users\najwa\Downloads\smart-cartoon-pipeline-v2\data\real\000457.jpg,1
C:\Users\najwa\Downloads\smart-cartoon-pipeline-v2\data\cartoon\cs11637771098033809635.jpg,0
C:\Users\najwa\Downloads\smart-cartoon-pipeline-v2\data\cartoon\cs11576523851780879199.jpg,0
C:\Users\najwa\Downloads\smart-cartoon-pipeline-v2\data\real\000642.jpg,1
C:\Users\najwa\Downloads\smart-cartoon-pipeline-v2\data\real\000158.jpg,1
C:\Users\najwa\Downloads\smart-cartoon-pipeline-v2\data\cartoon\cs127191435021564600.jpg,0
C:\Users\najwa\Downloads\smart-cartoon-pipeline-v2\data\real\000930.jpg,1
C:\Users\najwa\Downloads\smart-cartoon-pipeline-v2\data\cartoon\cs11589626432352953370.jpg,0
C:\Users\najwa\Downloads\smart-cartoon-pipeline-v2\data\cartoon\cs123830146456996408.jpg,0
C:\Users\najwa\Downloads\smart-cartoon-pipeline-v2\data\real\000258.jpg,1
C:\Users\najwa\Downloads\smart-cartoon-pipeline-v2\data\real\000266.jpg,1
C:\Users\najwa\Downloads\smart-cartoon-pipeline-v2\data\real\000166.jpg,1
C:\Users\najwa\Downloads\smart-cartoon-pipeline-v2\data\real\000160.jpg,1
C:\Users\najwa\Downloads\smart-cartoon-pipeline-v2\data\real\000516.jpg,1
C:\Users\najwa\Downloads\smart-cartoon-pipeline-v2\data\cartoon\cs11642271500921945281.jpg,0
C:\Users\najwa\Downloads\smart-cartoon-pipeline-v2\data\real\000535.jpg,1
C:\Users\najwa\Downloads\smart-cartoon-pipeline-v2\data\real\000422.jpg,1
C:\Users\najwa\Downloads\smart-cartoon-pipeline-v2\data\real\000530.jpg,1
C:\Users\najwa\Downloads\smart-cartoon-pipeline-v2\data\real\001119.jpg,1
C:\Users\najwa\Downloads\smart-cartoon-pipeline-v2\data\real\000075.jpg,1
C:\Users\najwa\Downloads\smart-cartoon-pipeline-v2\data\real\000650.jpg,1
C:\Users\najwa\Downloads\smart-cartoon-pipeline-v2\data\cartoon\cs11654029592985896883.jpg,0
C:\Users\najwa\Downloads\smart-cartoon-pipeline-v2\data\cartoon\cs11620264987867419479.jpg,0
C:\Users\najwa\Downloads\smart-cartoon-pipeline-v2\data\cartoon\cs11601594224126090359.jpg,0
C:\Users\najwa\Downloads\smart-cartoon-pipeline-v2\data\cartoon\cs11559920301004708960.jpg,0
C:\Users\najwa\Downloads\smart-cartoon-pipeline-v2\data\real\000744.jpg,1
C:\Users\najwa\Downloads\smart-cartoon-pipeline-v2\data\real\000617.jpg,1
C:\Users\najwa\Downloads\smart-cartoon-pipeline-v2\data\real\000904.jpg,1
C:\Users\najwa\Downloads\smart-cartoon-pipeline-v2\data\cartoon\cs11503083436283669022.jpg,0
C:\Users\najwa\Downloads\smart-cartoon-pipeline-v2\data\cartoon\cs11618836170859164748.jpg,0
C:\Users\najwa\Downloads\smart-cartoon-pipeline-v2\data\cartoon\cs11627017313622244917.jpg,0
C:\Users\najwa\Downloads\smart-cartoon-pipeline-v2\data\real\000814.jpg,1
C:\Users\najwa\Downloads\smart-cartoon-pipeline-v2\data\cartoon\cs11563322056512963225.jpg,0
C:\Users\najwa\Downloads\smart-cartoon-pipeline-v2\data\real\000390.jpg,1
C:\Users\najwa\Downloads\smart-cartoon-pipeline-v2\data\cartoon\cs11594536854422687088.jpg,0
C:\Users\najwa\Downloads\smart-cartoon-pipeline-v2\data\cartoon\cs11543559126691844607.jpg,0
C:\Users\najwa\Downloads\smart-cartoon-pipeline-v2\data\cartoon\cs11573758695331397582.jpg,0
C:\Users\najwa\Downloads\smart-cartoon-pipeline-v2\data\real\000433.jpg,1
C:\Users\najwa\Downloads\smart-cartoon-pipeline-v2\data\cartoon\cs11631382650678880555.jpg,0
C:\Users\najwa\Downloads\smart-cartoon-pipeline-v2\data\real\000823.jpg,1
C:\Users\najwa\Downloads\smart-cartoon-pipeline-v2\data\cartoon\cs11553709448627262978.jpg,0
C:\Users\najwa\Downloads\smart-cartoon-pipeline-v2\data\real\000574.jpg,1
C:\Users\najwa\Downloads\smart-cartoon-pipeline-v2\data\real\001112.jpg,1
C:\Users\najwa\Downloads\smart-cartoon-pipeline-v2\data\cartoon\cs11567334283960267970.jpg,0
C:\Users\najwa\Downloads\smart-cartoon-pipeline-v2\data\cartoon\cs11631481218359262831.jpg,0
C:\Users\najwa\Downloads\smart-cartoon-pipeline-v2\data\real\000963.jpg,1
C:\Users\najwa\Downloads\smart-cartoon-pipeline-v2\data\real\000496.jpg,1
C:\Users\najwa\Downloads\smart-cartoon-pipeline-v2\data\real\000616.jpg,1
C:\Users\najwa\Downloads\smart-cartoon-pipeline-v2\data\real\000413.jpg,1
C:\Users\najwa\Downloads\smart-cartoon-pipeline-v2\data\real\000073.jpg,1
C:\Users\najwa\Downloads\smart-cartoon-pipeline-v2\data\cartoon\cs11530248476131261820.jpg,0
C:\Users\najwa\Downloads\smart-cartoon-pipeline-v2\data\real\001024.jpg,1
C:\Users\najwa\Downloads\smart-cartoon-pipeline-v2\data\real\000493.jpg,1
C:\Users\najwa\Downloads\smart-cartoon-pipeline-v2\data\cartoon\cs11577676438302104026.jpg,0
C:\Users\najwa\Downloads\smart-cartoon-pipeline-v2\data\real\000182.jpg,1
C:\Users\najwa\Downloads\smart-cartoon-pipeline-v2\data\cartoon\cs11609091036025148263.jpg,0
C:\Users\najwa\Downloads\smart-cartoon-pipeline-v2\data\real\000576.jpg,1
C:\Users\najwa\Downloads\smart-cartoon-pipeline-v2\data\cartoon\cs11638441582862069212.jpg,0
C:\Users\najwa\Downloads\smart-cartoon-pipeline-v2\data\real\001169.jpg,1
C:\Users\najwa\Downloads\smart-cartoon-pipeline-v2\data\cartoon\cs11531536277483087381.jpg,0
C:\Users\najwa\Downloads\smart-cartoon-pipeline-v2\data\cartoon\cs11634912631180976899.jpg,0
C:\Users\najwa\Downloads\smart-cartoon-pipeline-v2\data\cartoon\cs11585798181141867478.jpg,0
C:\Users\najwa\Downloads\smart-cartoon-pipeline-v2\data\cartoon\cs11615222735425436206.jpg,0
C:\Users\najwa\Downloads\smart-cartoon-pipeline-v2\data\cartoon\cs11532565239803185277.jpg,0
C:\Users\najwa\Downloads\smart-cartoon-pipeline-v2\data\cartoon\cs11584549382072215298.jpg,0
C:\Users\najwa\Downloads\smart-cartoon-pipeline-v2\data\real\000835.jpg,1
C:\Users\najwa\Downloads\smart-cartoon-pipeline-v2\data\real\000506.jpg,1
C:\Users\najwa\Downloads\smart-cartoon-pipeline-v2\data\cartoon\cs11519659011808315392.jpg,0
C:\Users\najwa\Downloads\smart-cartoon-pipeline-v2\data\real\000983.jpg,1
C:\Users\najwa\Downloads\smart-cartoon-pipeline-v2\data\real\000098.jpg,1
C:\Users\najwa\Downloads\smart-cartoon-pipeline-v2\data\cartoon\cs11632097687135324660.jpg,0
C:\Users\najwa\Downloads\smart-cartoon-pipeline-v2\data\cartoon\cs1158074267141397499.jpg,0
C:\Users\najwa\Downloads\smart-cartoon-pipeline-v2\data\real\000564.jpg,1
C:\Users\najwa\Downloads\smart-cartoon-pipeline-v2\data\real\000581.jpg,1
C:\Users\najwa\Downloads\smart-cartoon-pipeline-v2\data\real\000275.jpg,1
C:\Users\najwa\Downloads\smart-cartoon-pipeline-v2\data\real\001056.jpg,1
C:\Users\najwa\Downloads\smart-cartoon-pipeline-v2\data\real\000131.jpg,1
C:\Users\najwa\Downloads\smart-cartoon-pipeline-v2\data\cartoon\cs11616529708909106159.jpg,0
C:\Users\najwa\Downloads\smart-cartoon-pipeline-v2\data\real\000690.jpg,1
C:\Users\najwa\Downloads\smart-cartoon-pipeline-v2\data\cartoon\cs11590327745646170689.jpg,0
C:\Users\najwa\Downloads\smart-cartoon-pipeline-v2\data\real\000608.jpg,1
C:\Users\najwa\Downloads\smart-cartoon-pipeline-v2\data\real\000478.jpg,1
C:\Users\najwa\Downloads\smart-cartoon-pipeline-v2\data\real\000059.jpg,1
C:\Users\najwa\Downloads\smart-cartoon-pipeline-v2\data\real\000441.jpg,1
C:\Users\najwa\Downloads\smart-cartoon-pipeline-v2\data\real\000067.jpg,1
C:\Users\najwa\Downloads\smart-cartoon-pipeline-v2\data\real\000712.jpg,1
C:\Users\najwa\Downloads\smart-cartoon-pipeline-v2\data\cartoon\cs11600162647015725670.jpg,0
C:\Users\najwa\Downloads\smart-cartoon-pipeline-v2\data\cartoon\cs11627258100223913213.jpg,0
C:\Users\najwa\Downloads\smart-cartoon-pipeline-v2\data\real\000414.jpg,1
C:\Users\najwa\Downloads\smart-cartoon-pipeline-v2\data\cartoon\cs11631854235829189090.jpg,0
C:\Users\najwa\Downloads\smart-cartoon-pipeline-v2\data\cartoon\cs11630982650896461393.jpg,0
C:\Users\najwa\Downloads\smart-cartoon-pipeline-v2\data\cartoon\cs11565712754932035520.jpg,0
C:\Users\najwa\Downloads\smart-cartoon-pipeline-v2\data\real\000196.jpg,1
C:\Users\najwa\Downloads\smart-cartoon-pipeline-v2\data\real\000250.jpg,1
C:\Users\najwa\Downloads\smart-cartoon-pipeline-v2\data\real\000847.jpg,1
C:\Users\najwa\Downloads\smart-cartoon-pipeline-v2\data\real\000700.jpg,1
C:\Users\najwa\Downloads\smart-cartoon-pipeline-v2\data\real\000189.jpg,1
C:\Users\najwa\Downloads\smart-cartoon-pipeline-v2\data\real\000345.jpg,1
C:\Users\najwa\Downloads\smart-cartoon-pipeline-v2\data\real\000780.jpg,1
C:\Users\najwa\Downloads\smart-cartoon-pipeline-v2\data\cartoon\cs11534460037373031367.jpg,0
C:\Users\najwa\Downloads\smart-cartoon-pipeline-v2\data\real\000231.jpg,1
C:\Users\najwa\Downloads\smart-cartoon-pipeline-v2\data\cartoon\cs11546939854216976267.jpg,0
C:\Users\najwa\Downloads\smart-cartoon-pipeline-v2\data\real\000838.jpg,1
C:\Users\najwa\Downloads\smart-cartoon-pipeline-v2\data\cartoon\cs11577860936992167694.jpg,0
C:\Users\najwa\Downloads\smart-cartoon-pipeline-v2\data\cartoon\cs11634812138155404995.jpg,0
C:\Users\najwa\Downloads\smart-cartoon-pipeline-v2\data\real\000999.jpg,1
C:\Users\najwa\Downloads\smart-cartoon-pipeline-v2\data\real\000829.jpg,1
C:\Users\najwa\Downloads\smart-cartoon-pipeline-v2\data\cartoon\cs11559272809731629797.jpg,0
C:\Users\najwa\Downloads\smart-cartoon-pipeline-v2\data\real\000611.jpg,1
C:\Users\najwa\Downloads\smart-cartoon-pipeline-v2\data\real\000057.jpg,1
C:\Users\najwa\Downloads\smart-cartoon-pipeline-v2\data\real\000327.jpg,1
C:\Users\najwa\Downloads\smart-cartoon-pipeline-v2\data\real\001086.jpg,1
C:\Users\najwa\Downloads\smart-cartoon-pipeline-v2\data\cartoon\cs1153604846412942092.jpg,0
C:\Users\najwa\Downloads\smart-cartoon-pipeline-v2\data\cartoon\cs11617925622500852941.jpg,0
C:\Users\najwa\Downloads\smart-cartoon-pipeline-v2\data\cartoon\cs1152446238754277667.jpg,0
C:\Users\najwa\Downloads\smart-cartoon-pipeline-v2\data\cartoon\cs11648016257325057666.jpg,0
C:\Users\najwa\Downloads\smart-cartoon-pipeline-v2\data\real\001018.jpg,1
C:\Users\najwa\Downloads\smart-cartoon-pipeline-v2\data\cartoon\cs11604059104620834545.jpg,0
C:\Users\najwa\Downloads\smart-cartoon-pipeline-v2\data\real\000134.jpg,1
C:\Users\najwa\Downloads\smart-cartoon-pipeline-v2\data\real\000793.jpg,1
C:\Users\najwa\Downloads\smart-cartoon-pipeline-v2\data\real\000986.jpg,1
C:\Users\najwa\Downloads\smart-cartoon-pipeline-v2\data\cartoon\cs11584922679772227989.jpg,0
C:\Users\najwa\Downloads\smart-cartoon-pipeline-v2\data\real\001011.jpg,1
C:\Users\najwa\Downloads\smart-cartoon-pipeline-v2\data\real\000800.jpg,1
C:\Users\najwa\Downloads\smart-cartoon-pipeline-v2\data\real\001108.jpg,1
C:\Users\najwa\Downloads\smart-cartoon-pipeline-v2\data\cartoon\cs11614482693514104196.jpg,0
C:\Users\najwa\Downloads\smart-cartoon-pipeline-v2\data\real\000965.jpg,1
C:\Users\najwa\Downloads\smart-cartoon-pipeline-v2\data\cartoon\cs11570296165477304986.jpg,0
C:\Users\najwa\Downloads\smart-cartoon-pipeline-v2\data\real\000252.jpg,1
C:\Users\najwa\Downloads\smart-cartoon-pipeline-v2\data\cartoon\cs11609562780192076158.jpg,0
C:\Users\najwa\Downloads\smart-cartoon-pipeline-v2\data\real\001130.jpg,1
C:\Users\najwa\Downloads\smart-cartoon-pipeline-v2\data\cartoon\cs11620477878407835803.jpg,0
C:\Users\najwa\Downloads\smart-cartoon-pipeline-v2\data\real\001094.jpg,1
C:\Users\najwa\Downloads\smart-cartoon-pipeline-v2\data\real\000542.jpg,1
C:\Users\najwa\Downloads\smart-cartoon-pipeline-v2\data\real\000403.jpg,1
C:\Users\najwa\Downloads\smart-cartoon-pipeline-v2\data\cartoon\cs11518343495176233044.jpg,0
C:\Users\najwa\Downloads\smart-cartoon-pipeline-v2\data\cartoon\cs11629973395446348131.jpg,0
C:\Users\najwa\Downloads\smart-cartoon-pipeline-v2\data\real\000346.jpg,1
C:\Users\najwa\Downloads\smart-cartoon-pipeline-v2\data\cartoon\cs11561409680456039917.jpg,0
C:\Users\najwa\Downloads\smart-cartoon-pipeline-v2\data\real\000243.jpg,1
C:\Users\najwa\Downloads\smart-cartoon-pipeline-v2\data\real\000448.jpg,1
C:\Users\najwa\Downloads\smart-cartoon-pipeline-v2\data\real\000260.jpg,1
C:\Users\najwa\Downloads\smart-cartoon-pipeline-v2\data\real\000588.jpg,1
C:\Users\najwa\Downloads\smart-cartoon-pipeline-v2\data\real\000132.jpg,1
C:\Users\najwa\Downloads\smart-cartoon-pipeline-v2\data\real\000037.jpg,1
C:\Users\najwa\Downloads\smart-cartoon-pipeline-v2\data\cartoon\cs11516013437952583969.jpg,0
C:\Users\najwa\Downloads\smart-cartoon-pipeline-v2\data\real\000210.jpg,1
C:\Users\najwa\Downloads\smart-cartoon-pipeline-v2\data\real\001070.jpg,1
C:\Users\najwa\Downloads\smart-cartoon-pipeline-v2\data\cartoon\cs11594741327093838570.jpg,0
C:\Users\najwa\Downloads\smart-cartoon-pipeline-v2\data\cartoon\cs11503122584397401084.jpg,0
C:\Users\najwa\Downloads\smart-cartoon-pipeline-v2\data\cartoon\cs1163816687733716740.jpg,0
C:\Users\najwa\Downloads\smart-cartoon-pipeline-v2\data\real\000079.jpg,1
C:\Users\najwa\Downloads\smart-cartoon-pipeline-v2\data\cartoon\cs11530531085631182703.jpg,0
C:\Users\najwa\Downloads\smart-cartoon-pipeline-v2\data\cartoon\cs11508983156451874081.jpg,0
C:\Users\najwa\Downloads\smart-cartoon-pipeline-v2\data\real\000440.jpg,1
C:\Users\najwa\Downloads\smart-cartoon-pipeline-v2\data\cartoon\cs11658423916476805961.jpg,0
C:\Users\najwa\Downloads\smart-cartoon-pipeline-v2\data\cartoon\cs11569588993376471525.jpg,0
C:\Users\najwa\Downloads\smart-cartoon-pipeline-v2\data\cartoon\cs11544270137004696830.jpg,0
C:\Users\najwa\Downloads\smart-cartoon-pipeline-v2\data\cartoon\cs11583806730731585778.jpg,0
C:\Users\najwa\Downloads\smart-cartoon-pipeline-v2\data\real\000308.jpg,1
C:\Users\najwa\Downloads\smart-cartoon-pipeline-v2\data\real\001131.jpg,1
C:\Users\najwa\Downloads\smart-cartoon-pipeline-v2\data\real\000130.jpg,1
C:\Users\najwa\Downloads\smart-cartoon-pipeline-v2\data\real\000360.jpg,1
C:\Users\najwa\Downloads\smart-cartoon-pipeline-v2\data\real\000755.jpg,1
C:\Users\najwa\Downloads\smart-cartoon-pipeline-v2\data\real\000156.jpg,1
C:\Users\najwa\Downloads\smart-cartoon-pipeline-v2\data\real\000382.jpg,1
C:\Users\najwa\Downloads\smart-cartoon-pipeline-v2\data\cartoon\cs11566460485225126309.jpg,0
C:\Users\najwa\Downloads\smart-cartoon-pipeline-v2\data\cartoon\cs11650935451811290708.jpg,0
C:\Users\najwa\Downloads\smart-cartoon-pipeline-v2\data\cartoon\cs11605888026262197131.jpg,0
C:\Users\najwa\Downloads\smart-cartoon-pipeline-v2\data\cartoon\cs11552292014172805250.jpg,0
C:\Users\najwa\Downloads\smart-cartoon-pipeline-v2\data\real\000908.jpg,1
C:\Users\najwa\Downloads\smart-cartoon-pipeline-v2\data\cartoon\cs116214700759801024.jpg,0
C:\Users\najwa\Downloads\smart-cartoon-pipeline-v2\data\real\000812.jpg,1
C:\Users\najwa\Downloads\smart-cartoon-pipeline-v2\data\real\000016.jpg,1
C:\Users\najwa\Downloads\smart-cartoon-pipeline-v2\data\real\000468.jpg,1
C:\Users\najwa\Downloads\smart-cartoon-pipeline-v2\data\cartoon\cs11588410656415490441.jpg,0
C:\Users\najwa\Downloads\smart-cartoon-pipeline-v2\data\real\000796.jpg,1
C:\Users\najwa\Downloads\smart-cartoon-pipeline-v2\data\cartoon\cs117355043003221928.jpg,0
C:\Users\najwa\Downloads\smart-cartoon-pipeline-v2\data\real\000167.jpg,1
C:\Users\najwa\Downloads\smart-cartoon-pipeline-v2\data\cartoon\cs11583572557714360026.jpg,0
C:\Users\najwa\Downloads\smart-cartoon-pipeline-v2\data\cartoon\cs11565150800382666976.jpg,0
C:\Users\najwa\Downloads\smart-cartoon-pipeline-v2\data\real\000084.jpg,1
C:\Users\najwa\Downloads\smart-cartoon-pipeline-v2\data\cartoon\cs11559093231320304119.jpg,0
C:\Users\najwa\Downloads\smart-cartoon-pipeline-v2\data\cartoon\cs11516022177130938215.jpg,0
C:\Users\najwa\Downloads\smart-cartoon-pipeline-v2\data\cartoon\cs11549707159060933781.jpg,0
C:\Users\najwa\Downloads\smart-cartoon-pipeline-v2\data\real\000453.jpg,1
C:\Users\najwa\Downloads\smart-cartoon-pipeline-v2\data\real\000498.jpg,1
C:\Users\najwa\Downloads\smart-cartoon-pipeline-v2\data\real\000475.jpg,1
C:\Users\najwa\Downloads\smart-cartoon-pipeline-v2\data\cartoon\cs11577691271385561071.jpg,0
C:\Users\najwa\Downloads\smart-cartoon-pipeline-v2\data\real\000031.jpg,1
C:\Users\najwa\Downloads\smart-cartoon-pipeline-v2\data\real\000627.jpg,1
C:\Users\najwa\Downloads\smart-cartoon-pipeline-v2\data\real\000458.jpg,1
C:\Users\najwa\Downloads\smart-cartoon-pipeline-v2\data\cartoon\cs11601333187482580958.jpg,0
C:\Users\najwa\Downloads\smart-cartoon-pipeline-v2\data\real\000877.jpg,1
C:\Users\najwa\Downloads\smart-cartoon-pipeline-v2\data\real\000267.jpg,1
C:\Users\najwa\Downloads\smart-cartoon-pipeline-v2\data\cartoon\cs11609983976128620.jpg,0
C:\Users\najwa\Downloads\smart-cartoon-pipeline-v2\data\cartoon\cs11548793091106169882.jpg,0
C:\Users\najwa\Downloads\smart-cartoon-pipeline-v2\data\cartoon\cs119775523741239809.jpg,0
C:\Users\najwa\Downloads\smart-cartoon-pipeline-v2\data\cartoon\cs116835440606375566.jpg,0
C:\Users\najwa\Downloads\smart-cartoon-pipeline-v2\data\cartoon\cs11551054789508669579.jpg,0
C:\Users\najwa\Downloads\smart-cartoon-pipeline-v2\data\cartoon\cs126058913165054475.jpg,0
C:\Users\najwa\Downloads\smart-cartoon-pipeline-v2\data\cartoon\cs11529844586902453013.jpg,0
C:\Users\najwa\Downloads\smart-cartoon-pipeline-v2\data\cartoon\cs124353764954484484.jpg,0
C:\Users\najwa\Downloads\smart-cartoon-pipeline-v2\data\real\000081.jpg,1
C:\Users\najwa\Downloads\smart-cartoon-pipeline-v2\data\cartoon\cs11611439175444669676.jpg,0
C:\Users\najwa\Downloads\smart-cartoon-pipeline-v2\data\real\000147.jpg,1
C:\Users\najwa\Downloads\smart-cartoon-pipeline-v2\data\cartoon\cs11547655842406567308.jpg,0
C:\Users\najwa\Downloads\smart-cartoon-pipeline-v2\data\real\000954.jpg,1
C:\Users\najwa\Downloads\smart-cartoon-pipeline-v2\data\cartoon\cs11558345841297409285.jpg,0
C:\Users\najwa\Downloads\smart-cartoon-pipeline-v2\data\cartoon\cs11614518986675784693.jpg,0
C:\Users\najwa\Downloads\smart-cartoon-pipeline-v2\data\real\000201.jpg,1
C:\Users\najwa\Downloads\smart-cartoon-pipeline-v2\data\real\000723.jpg,1
C:\Users\najwa\Downloads\smart-cartoon-pipeline-v2\data\real\000794.jpg,1
C:\Users\najwa\Downloads\smart-cartoon-pipeline-v2\data\real\000646.jpg,1
C:\Users\najwa\Downloads\smart-cartoon-pipeline-v2\data\real\000775.jpg,1
C:\Users\najwa\Downloads\smart-cartoon-pipeline-v2\data\real\000515.jpg,1
C:\Users\najwa\Downloads\smart-cartoon-pipeline-v2\data\cartoon\cs11658275179927855650.jpg,0
C:\Users\najwa\Downloads\smart-cartoon-pipeline-v2\data\cartoon\cs11563917361426949638.jpg,0
C:\Users\najwa\Downloads\smart-cartoon-pipeline-v2\data\cartoon\cs11651792220540695279.jpg,0
C:\Users\najwa\Downloads\smart-cartoon-pipeline-v2\data\cartoon\cs1159413845328241795.jpg,0
C:\Users\najwa\Downloads\smart-cartoon-pipeline-v2\data\cartoon\cs11657468615872959690.jpg,0
C:\Users\najwa\Downloads\smart-cartoon-pipeline-v2\data\cartoon\cs128636896655484007.jpg,0
C:\Users\najwa\Downloads\smart-cartoon-pipeline-v2\data\real\000070.jpg,1
C:\Users\najwa\Downloads\smart-cartoon-pipeline-v2\data\cartoon\cs11572325478916685951.jpg,0
C:\Users\najwa\Downloads\smart-cartoon-pipeline-v2\data\cartoon\cs11646390845539487841.jpg,0
C:\Users\najwa\Downloads\smart-cartoon-pipeline-v2\data\real\000762.jpg,1
C:\Users\najwa\Downloads\smart-cartoon-pipeline-v2\data\real\000910.jpg,1
C:\Users\najwa\Downloads\smart-cartoon-pipeline-v2\data\cartoon\cs11554790334618317829.jpg,0
C:\Users\najwa\Downloads\smart-cartoon-pipeline-v2\data\cartoon\cs11619269278630075170.jpg,0
C:\Users\najwa\Downloads\smart-cartoon-pipeline-v2\data\cartoon\cs11552339671534565443.jpg,0
C:\Users\najwa\Downloads\smart-cartoon-pipeline-v2\data\real\000912.jpg,1
C:\Users\najwa\Downloads\smart-cartoon-pipeline-v2\data\real\000244.jpg,1
C:\Users\najwa\Downloads\smart-cartoon-pipeline-v2\data\cartoon\cs11544655951485380338.jpg,0
C:\Users\najwa\Downloads\smart-cartoon-pipeline-v2\data\real\001052.jpg,1
C:\Users\najwa\Downloads\smart-cartoon-pipeline-v2\data\real\000934.jpg,1
C:\Users\najwa\Downloads\smart-cartoon-pipeline-v2\data\real\000207.jpg,1
C:\Users\najwa\Downloads\smart-cartoon-pipeline-v2\data\real\000970.jpg,1
C:\Users\najwa\Downloads\smart-cartoon-pipeline-v2\data\real\000254.jpg,1
C:\Users\najwa\Downloads\smart-cartoon-pipeline-v2\data\cartoon\cs11598105017724191747.jpg,0
C:\Users\najwa\Downloads\smart-cartoon-pipeline-v2\data\cartoon\cs11608100480911143568.jpg,0
C:\Users\najwa\Downloads\smart-cartoon-pipeline-v2\data\real\000607.jpg,1
C:\Users\najwa\Downloads\smart-cartoon-pipeline-v2\data\cartoon\cs11627348306576871139.jpg,0
C:\Users\najwa\Downloads\smart-cartoon-pipeline-v2\data\cartoon\cs11512214697345628019.jpg,0
C:\Users\najwa\Downloads\smart-cartoon-pipeline-v2\data\cartoon\cs1160508413174330746.jpg,0
C:\Users\najwa\Downloads\smart-cartoon-pipeline-v2\data\cartoon\cs11526597518700478194.jpg,0
C:\Users\najwa\Downloads\smart-cartoon-pipeline-v2\data\real\000899.jpg,1
C:\Users\najwa\Downloads\smart-cartoon-pipeline-v2\data\cartoon\cs11604989827723006161.jpg,0
C:\Users\najwa\Downloads\smart-cartoon-pipeline-v2\data\cartoon\cs11545023861943794923.jpg,0
C:\Users\najwa\Downloads\smart-cartoon-pipeline-v2\data\real\000174.jpg,1
C:\Users\najwa\Downloads\smart-cartoon-pipeline-v2\data\real\001133.jpg,1
C:\Users\najwa\Downloads\smart-cartoon-pipeline-v2\data\real\000495.jpg,1
C:\Users\najwa\Downloads\smart-cartoon-pipeline-v2\data\cartoon\cs11629393745014057313.jpg,0
C:\Users\najwa\Downloads\smart-cartoon-pipeline-v2\data\cartoon\cs11598740677180190946.jpg,0
C:\Users\najwa\Downloads\smart-cartoon-pipeline-v2\data\real\000896.jpg,1
C:\Users\najwa\Downloads\smart-cartoon-pipeline-v2\data\real\000511.jpg,1
C:\Users\najwa\Downloads\smart-cartoon-pipeline-v2\data\cartoon\cs11582037430459564872.jpg,0
C:\Users\najwa\Downloads\smart-cartoon-pipeline-v2\data\cartoon\cs1160480512787425857.jpg,0
C:\Users\najwa\Downloads\smart-cartoon-pipeline-v2\data\cartoon\cs11634460613847839424.jpg,0
C:\Users\najwa\Downloads\smart-cartoon-pipeline-v2\data\real\001100.jpg,1
C:\Users\najwa\Downloads\smart-cartoon-pipeline-v2\data\real\001109.jpg,1
C:\Users\najwa\Downloads\smart-cartoon-pipeline-v2\data\cartoon\cs11502404786906647764.jpg,0
C:\Users\najwa\Downloads\smart-cartoon-pipeline-v2\data\real\000980.jpg,1
C:\Users\najwa\Downloads\smart-cartoon-pipeline-v2\data\cartoon\cs11622062070899484829.jpg,0
C:\Users\najwa\Downloads\smart-cartoon-pipeline-v2\data\real\000831.jpg,1
C:\Users\najwa\Downloads\smart-cartoon-pipeline-v2\data\cartoon\cs11605288816976373984.jpg,0
C:\Users\najwa\Downloads\smart-cartoon-pipeline-v2\data\cartoon\cs11573315967301574866.jpg,0
C:\Users\najwa\Downloads\smart-cartoon-pipeline-v2\data\real\000194.jpg,1
C:\Users\najwa\Downloads\smart-cartoon-pipeline-v2\data\real\000935.jpg,1
C:\Users\najwa\Downloads\smart-cartoon-pipeline-v2\data\cartoon\cs11649816642140061982.jpg,0
C:\Users\najwa\Downloads\smart-cartoon-pipeline-v2\data\real\000005.jpg,1
C:\Users\najwa\Downloads\smart-cartoon-pipeline-v2\data\real\000384.jpg,1
C:\Users\najwa\Downloads\smart-cartoon-pipeline-v2\data\cartoon\cs11600530146333664670.jpg,0
C:\Users\najwa\Downloads\smart-cartoon-pipeline-v2\data\real\000956.jpg,1
C:\Users\najwa\Downloads\smart-cartoon-pipeline-v2\data\cartoon\cs11517258330357680884.jpg,0
C:\Users\najwa\Downloads\smart-cartoon-pipeline-v2\data\cartoon\cs11531247329246508156.jpg,0
C:\Users\najwa\Downloads\smart-cartoon-pipeline-v2\data\cartoon\cs11541782662232800977.jpg,0
C:\Users\najwa\Downloads\smart-cartoon-pipeline-v2\data\cartoon\cs11547667919781605586.jpg,0
C:\Users\najwa\Downloads\smart-cartoon-pipeline-v2\data\cartoon\cs11542212891280156083.jpg,0
C:\Users\najwa\Downloads\smart-cartoon-pipeline-v2\data\real\000274.jpg,1
C:\Users\najwa\Downloads\smart-cartoon-pipeline-v2\data\real\000897.jpg,1
C:\Users\najwa\Downloads\smart-cartoon-pipeline-v2\data\cartoon\cs11527550117859277486.jpg,0
C:\Users\najwa\Downloads\smart-cartoon-pipeline-v2\data\cartoon\cs11586522190511362483.jpg,0
C:\Users\najwa\Downloads\smart-cartoon-pipeline-v2\data\real\001050.jpg,1
C:\Users\najwa\Downloads\smart-cartoon-pipeline-v2\data\cartoon\cs11649355075111763505.jpg,0
C:\Users\najwa\Downloads\smart-cartoon-pipeline-v2\data\cartoon\cs11601327272160402527.jpg,0
C:\Users\najwa\Downloads\smart-cartoon-pipeline-v2\data\real\000630.jpg,1
C:\Users\najwa\Downloads\smart-cartoon-pipeline-v2\data\cartoon\cs11607739610103190380.jpg,0
C:\Users\najwa\Downloads\smart-cartoon-pipeline-v2\data\cartoon\cs11505034532538751299.jpg,0
C:\Users\najwa\Downloads\smart-cartoon-pipeline-v2\data\real\000533.jpg,1
C:\Users\najwa\Downloads\smart-cartoon-pipeline-v2\data\real\000809.jpg,1
C:\Users\najwa\Downloads\smart-cartoon-pipeline-v2\data\cartoon\cs11636206614037197727.jpg,0
C:\Users\najwa\Downloads\smart-cartoon-pipeline-v2\data\real\000424.jpg,1
C:\Users\najwa\Downloads\smart-cartoon-pipeline-v2\data\real\000629.jpg,1
C:\Users\najwa\Downloads\smart-cartoon-pipeline-v2\data\cartoon\cs11523164246208067886.jpg,0
C:\Users\najwa\Downloads\smart-cartoon-pipeline-v2\data\real\000438.jpg,1
C:\Users\najwa\Downloads\smart-cartoon-pipeline-v2\data\real\000396.jpg,1
C:\Users\najwa\Downloads\smart-cartoon-pipeline-v2\data\cartoon\cs11564084918997506590.jpg,0
C:\Users\najwa\Downloads\smart-cartoon-pipeline-v2\data\real\000279.jpg,1
C:\Users\najwa\Downloads\smart-cartoon-pipeline-v2\data\cartoon\cs1160834683984587035.jpg,0
C:\Users\najwa\Downloads\smart-cartoon-pipeline-v2\data\real\000389.jpg,1
C:\Users\najwa\Downloads\smart-cartoon-pipeline-v2\data\cartoon\cs11560581757139203480.jpg,0
C:\Users\najwa\Downloads\smart-cartoon-pipeline-v2\data\cartoon\cs11585629334519448554.jpg,0
C:\Users\najwa\Downloads\smart-cartoon-pipeline-v2\data\real\000045.jpg,1
C:\Users\najwa\Downloads\smart-cartoon-pipeline-v2\data\real\000307.jpg,1
C:\Users\najwa\Downloads\smart-cartoon-pipeline-v2\data\cartoon\cs11603336636078561508.jpg,0
C:\Users\najwa\Downloads\smart-cartoon-pipeline-v2\data\cartoon\cs11619973415669060796.jpg,0
C:\Users\najwa\Downloads\smart-cartoon-pipeline-v2\data\cartoon\cs11525494465554071062.jpg,0
C:\Users\najwa\Downloads\smart-cartoon-pipeline-v2\data\real\001111.jpg,1
C:\Users\najwa\Downloads\smart-cartoon-pipeline-v2\data\real\001010.jpg,1
C:\Users\najwa\Downloads\smart-cartoon-pipeline-v2\data\real\000315.jpg,1
C:\Users\najwa\Downloads\smart-cartoon-pipeline-v2\data\cartoon\cs1162069404120800794.jpg,0
C:\Users\najwa\Downloads\smart-cartoon-pipeline-v2\data\cartoon\cs126723083000556535.jpg,0
C:\Users\najwa\Downloads\smart-cartoon-pipeline-v2\data\real\000356.jpg,1
C:\Users\najwa\Downloads\smart-cartoon-pipeline-v2\data\cartoon\cs11536350370924491714.jpg,0
C:\Users\najwa\Downloads\smart-cartoon-pipeline-v2\data\cartoon\cs11628127929904024622.jpg,0
C:\Users\najwa\Downloads\smart-cartoon-pipeline-v2\data\cartoon\cs11647752769861812591.jpg,0
C:\Users\najwa\Downloads\smart-cartoon-pipeline-v2\data\real\000984.jpg,1
C:\Users\najwa\Downloads\smart-cartoon-pipeline-v2\data\real\000928.jpg,1
C:\Users\najwa\Downloads\smart-cartoon-pipeline-v2\data\cartoon\cs11600957985392160694.jpg,0
C:\Users\najwa\Downloads\smart-cartoon-pipeline-v2\data\real\000659.jpg,1
C:\Users\najwa\Downloads\smart-cartoon-pipeline-v2\data\real\000666.jpg,1
C:\Users\najwa\Downloads\smart-cartoon-pipeline-v2\data\real\000172.jpg,1
C:\Users\najwa\Downloads\smart-cartoon-pipeline-v2\data\cartoon\cs11547313192912233806.jpg,0
C:\Users\najwa\Downloads\smart-cartoon-pipeline-v2\data\cartoon\cs11611293888243433890.jpg,0
C:\Users\najwa\Downloads\smart-cartoon-pipeline-v2\data\real\000939.jpg,1
C:\Users\najwa\Downloads\smart-cartoon-pipeline-v2\data\real\000895.jpg,1
C:\Users\najwa\Downloads\smart-cartoon-pipeline-v2\data\cartoon\cs11628329873867324629.jpg,0
C:\Users\najwa\Downloads\smart-cartoon-pipeline-v2\data\cartoon\cs127223610036546638.jpg,0
C:\Users\najwa\Downloads\smart-cartoon-pipeline-v2\data\real\000923.jpg,1
C:\Users\najwa\Downloads\smart-cartoon-pipeline-v2\data\real\000358.jpg,1
C:\Users\najwa\Downloads\smart-cartoon-pipeline-v2\data\cartoon\cs11596259414776533606.jpg,0
C:\Users\najwa\Downloads\smart-cartoon-pipeline-v2\data\cartoon\cs11507950146730230109.jpg,0
C:\Users\najwa\Downloads\smart-cartoon-pipeline-v2\data\real\000192.jpg,1
C:\Users\najwa\Downloads\smart-cartoon-pipeline-v2\data\cartoon\cs11572971609802498840.jpg,0
C:\Users\najwa\Downloads\smart-cartoon-pipeline-v2\data\cartoon\cs11652784546257007089.jpg,0
C:\Users\najwa\Downloads\smart-cartoon-pipeline-v2\data\real\000273.jpg,1
C:\Users\najwa\Downloads\smart-cartoon-pipeline-v2\data\cartoon\cs11540520498270495238.jpg,0
C:\Users\najwa\Downloads\smart-cartoon-pipeline-v2\data\cartoon\cs11548482027107601493.jpg,0
C:\Users\najwa\Downloads\smart-cartoon-pipeline-v2\data\real\000623.jpg,1
C:\Users\najwa\Downloads\smart-cartoon-pipeline-v2\data\real\000595.jpg,1
C:\Users\najwa\Downloads\smart-cartoon-pipeline-v2\data\cartoon\cs11548107455288765539.jpg,0
C:\Users\najwa\Downloads\smart-cartoon-pipeline-v2\data\cartoon\cs11571283473480800170.jpg,0
C:\Users\najwa\Downloads\smart-cartoon-pipeline-v2\data\cartoon\cs11514583171573117670.jpg,0
C:\Users\najwa\Downloads\smart-cartoon-pipeline-v2\data\real\000772.jpg,1
C:\Users\najwa\Downloads\smart-cartoon-pipeline-v2\data\cartoon\cs1151549110024312077.jpg,0
C:\Users\najwa\Downloads\smart-cartoon-pipeline-v2\data\cartoon\cs11658365173697072853.jpg,0
C:\Users\najwa\Downloads\smart-cartoon-pipeline-v2\data\cartoon\cs11644963091306109544.jpg,0
C:\Users\najwa\Downloads\smart-cartoon-pipeline-v2\data\cartoon\cs11654456998828623173.jpg,0
C:\Users\najwa\Downloads\smart-cartoon-pipeline-v2\data\real\000290.jpg,1
C:\Users\najwa\Downloads\smart-cartoon-pipeline-v2\data\real\000818.jpg,1
C:\Users\najwa\Downloads\smart-cartoon-pipeline-v2\data\cartoon\cs11560874415312950220.jpg,0
C:\Users\najwa\Downloads\smart-cartoon-pipeline-v2\data\real\000858.jpg,1
C:\Users\najwa\Downloads\smart-cartoon-pipeline-v2\data\real\000503.jpg,1
C:\Users\najwa\Downloads\smart-cartoon-pipeline-v2\data\real\000190.jpg,1
C:\Users\najwa\Downloads\smart-cartoon-pipeline-v2\data\cartoon\cs11596514773259848476.jpg,0
C:\Users\najwa\Downloads\smart-cartoon-pipeline-v2\data\real\000061.jpg,1
C:\Users\najwa\Downloads\smart-cartoon-pipeline-v2\data\real\000364.jpg,1
C:\Users\najwa\Downloads\smart-cartoon-pipeline-v2\data\real\000463.jpg,1
C:\Users\najwa\Downloads\smart-cartoon-pipeline-v2\data\real\000105.jpg,1
C:\Users\najwa\Downloads\smart-cartoon-pipeline-v2\data\real\000568.jpg,1
C:\Users\najwa\Downloads\smart-cartoon-pipeline-v2\data\real\000525.jpg,1
C:\Users\najwa\Downloads\smart-cartoon-pipeline-v2\data\cartoon\cs11552801193459049958.jpg,0
C:\Users\najwa\Downloads\smart-cartoon-pipeline-v2\data\cartoon\cs1156594265245267135.jpg,0
C:\Users\najwa\Downloads\smart-cartoon-pipeline-v2\data\real\000529.jpg,1
C:\Users\najwa\Downloads\smart-cartoon-pipeline-v2\data\real\001008.jpg,1
C:\Users\najwa\Downloads\smart-cartoon-pipeline-v2\data\real\000088.jpg,1
C:\Users\najwa\Downloads\smart-cartoon-pipeline-v2\data\cartoon\cs11656442726447135459.jpg,0
C:\Users\najwa\Downloads\smart-cartoon-pipeline-v2\data\cartoon\cs11612746298646961818.jpg,0
C:\Users\najwa\Downloads\smart-cartoon-pipeline-v2\data\cartoon\cs121750605940357779.jpg,0
C:\Users\najwa\Downloads\smart-cartoon-pipeline-v2\data\cartoon\cs11573458286332587706.jpg,0
C:\Users\najwa\Downloads\smart-cartoon-pipeline-v2\data\cartoon\cs11508316166712115450.jpg,0
C:\Users\najwa\Downloads\smart-cartoon-pipeline-v2\data\cartoon\cs11528683984443846508.jpg,0
C:\Users\najwa\Downloads\smart-cartoon-pipeline-v2\data\real\000727.jpg,1
C:\Users\najwa\Downloads\smart-cartoon-pipeline-v2\data\real\000757.jpg,1
C:\Users\najwa\Downloads\smart-cartoon-pipeline-v2\data\cartoon\cs11550756649390289568.jpg,0
C:\Users\najwa\Downloads\smart-cartoon-pipeline-v2\data\real\000117.jpg,1
C:\Users\najwa\Downloads\smart-cartoon-pipeline-v2\data\real\000214.jpg,1
C:\Users\najwa\Downloads\smart-cartoon-pipeline-v2\data\real\000069.jpg,1
C:\Users\najwa\Downloads\smart-cartoon-pipeline-v2\data\real\000964.jpg,1
C:\Users\najwa\Downloads\smart-cartoon-pipeline-v2\data\cartoon\cs1154174825614288690.jpg,0
C:\Users\najwa\Downloads\smart-cartoon-pipeline-v2\data\real\000641.jpg,1
C:\Users\najwa\Downloads\smart-cartoon-pipeline-v2\data\cartoon\cs11508146892510536772.jpg,0
C:\Users\najwa\Downloads\smart-cartoon-pipeline-v2\data\real\000285.jpg,1
C:\Users\najwa\Downloads\smart-cartoon-pipeline-v2\data\real\000848.jpg,1
C:\Users\najwa\Downloads\smart-cartoon-pipeline-v2\data\real\000237.jpg,1
C:\Users\najwa\Downloads\smart-cartoon-pipeline-v2\data\real\000725.jpg,1
C:\Users\najwa\Downloads\smart-cartoon-pipeline-v2\data\real\000040.jpg,1
C:\Users\najwa\Downloads\smart-cartoon-pipeline-v2\data\real\001025.jpg,1
C:\Users\najwa\Downloads\smart-cartoon-pipeline-v2\data\cartoon\cs11556335751170614888.jpg,0
C:\Users\najwa\Downloads\smart-cartoon-pipeline-v2\data\real\000004.jpg,1
C:\Users\najwa\Downloads\smart-cartoon-pipeline-v2\data\cartoon\cs11637321898985340464.jpg,0
C:\Users\najwa\Downloads\smart-cartoon-pipeline-v2\data\cartoon\cs11548558850842164094.jpg,0
C:\Users\najwa\Downloads\smart-cartoon-pipeline-v2\data\real\000400.jpg,1
C:\Users\najwa\Downloads\smart-cartoon-pipeline-v2\data\real\000435.jpg,1
C:\Users\najwa\Downloads\smart-cartoon-pipeline-v2\data\cartoon\cs11552535572337599532.jpg,0
C:\Users\najwa\Downloads\smart-cartoon-pipeline-v2\data\cartoon\cs11621726080790226539.jpg,0
C:\Users\najwa\Downloads\smart-cartoon-pipeline-v2\data\cartoon\cs11649328612543467035.jpg,0
C:\Users\najwa\Downloads\smart-cartoon-pipeline-v2\data\cartoon\cs1163452518693970163.jpg,0
C:\Users\najwa\Downloads\smart-cartoon-pipeline-v2\data\cartoon\cs11583554916471301743.jpg,0
C:\Users\najwa\Downloads\smart-cartoon-pipeline-v2\data\cartoon\cs11540278961298055606.jpg,0
C:\Users\najwa\Downloads\smart-cartoon-pipeline-v2\data\cartoon\cs11615105007906534454.jpg,0
C:\Users\najwa\Downloads\smart-cartoon-pipeline-v2\data\cartoon\cs11517200225047109239.jpg,0
C:\Users\najwa\Downloads\smart-cartoon-pipeline-v2\data\real\000409.jpg,1
C:\Users\najwa\Downloads\smart-cartoon-pipeline-v2\data\cartoon\cs11633169952258112819.jpg,0
C:\Users\najwa\Downloads\smart-cartoon-pipeline-v2\data\real\000487.jpg,1
C:\Users\najwa\Downloads\smart-cartoon-pipeline-v2\data\cartoon\cs11513040923138534864.jpg,0
C:\Users\najwa\Downloads\smart-cartoon-pipeline-v2\data\real\001069.jpg,1
C:\Users\najwa\Downloads\smart-cartoon-pipeline-v2\data\cartoon\cs11639932809017077187.jpg,0
C:\Users\najwa\Downloads\smart-cartoon-pipeline-v2\data\real\000821.jpg,1
C:\Users\najwa\Downloads\smart-cartoon-pipeline-v2\data\real\000979.jpg,1
C:\Users\najwa\Downloads\smart-cartoon-pipeline-v2\data\cartoon\cs11632124186249278546.jpg,0
C:\Users\najwa\Downloads\smart-cartoon-pipeline-v2\data\cartoon\cs11608986300234876387.jpg,0
C:\Users\najwa\Downloads\smart-cartoon-pipeline-v2\data\real\000163.jpg,1
C:\Users\najwa\Downloads\smart-cartoon-pipeline-v2\data\cartoon\cs11629707015856829072.jpg,0
C:\Users\najwa\Downloads\smart-cartoon-pipeline-v2\data\real\000832.jpg,1
C:\Users\najwa\Downloads\smart-cartoon-pipeline-v2\data\cartoon\cs11595447256037610323.jpg,0
C:\Users\najwa\Downloads\smart-cartoon-pipeline-v2\data\real\001089.jpg,1
C:\Users\najwa\Downloads\smart-cartoon-pipeline-v2\data\cartoon\cs11568448011127533152.jpg,0
C:\Users\najwa\Downloads\smart-cartoon-pipeline-v2\data\real\000839.jpg,1
C:\Users\najwa\Downloads\smart-cartoon-pipeline-v2\data\real\000150.jpg,1
C:\Users\najwa\Downloads\smart-cartoon-pipeline-v2\data\cartoon\cs11645071948236307217.jpg,0
C:\Users\najwa\Downloads\smart-cartoon-pipeline-v2\data\cartoon\cs11538381871195136147.jpg,0
C:\Users\najwa\Downloads\smart-cartoon-pipeline-v2\data\cartoon\cs11594425396119465968.jpg,0
C:\Users\najwa\Downloads\smart-cartoon-pipeline-v2\data\real\000778.jpg,1
C:\Users\najwa\Downloads\smart-cartoon-pipeline-v2\data\cartoon\cs11643360892598251319.jpg,0
C:\Users\najwa\Downloads\smart-cartoon-pipeline-v2\data\cartoon\cs11507683310783778365.jpg,0
C:\Users\najwa\Downloads\smart-cartoon-pipeline-v2\data\real\000399.jpg,1
C:\Users\najwa\Downloads\smart-cartoon-pipeline-v2\data\real\001084.jpg,1
C:\Users\najwa\Downloads\smart-cartoon-pipeline-v2\data\cartoon\cs119805871652230413.jpg,0
C:\Users\najwa\Downloads\smart-cartoon-pipeline-v2\data\real\000272.jpg,1
C:\Users\najwa\Downloads\smart-cartoon-pipeline-v2\data\cartoon\cs11582906976031924312.jpg,0
C:\Users\najwa\Downloads\smart-cartoon-pipeline-v2\data\cartoon\cs11543913102112446973.jpg,0
C:\Users\najwa\Downloads\smart-cartoon-pipeline-v2\data\cartoon\cs11530548113758734479.jpg,0
C:\Users\najwa\Downloads\smart-cartoon-pipeline-v2\data\real\000656.jpg,1
C:\Users\najwa\Downloads\smart-cartoon-pipeline-v2\data\cartoon\cs11515390725645028666.jpg,0
C:\Users\najwa\Downloads\smart-cartoon-pipeline-v2\data\cartoon\cs11544336237167860707.jpg,0
C:\Users\najwa\Downloads\smart-cartoon-pipeline-v2\data\real\000914.jpg,1
C:\Users\najwa\Downloads\smart-cartoon-pipeline-v2\data\real\000746.jpg,1
C:\Users\najwa\Downloads\smart-cartoon-pipeline-v2\data\cartoon\cs11531052376745501999.jpg,0
C:\Users\najwa\Downloads\smart-cartoon-pipeline-v2\data\real\001049.jpg,1
C:\Users\najwa\Downloads\smart-cartoon-pipeline-v2\data\cartoon\cs11537975577495607622.jpg,0
C:\Users\najwa\Downloads\smart-cartoon-pipeline-v2\data\cartoon\cs11614325607566699448.jpg,0
C:\Users\najwa\Downloads\smart-cartoon-pipeline-v2\data\real\000328.jpg,1
C:\Users\najwa\Downloads\smart-cartoon-pipeline-v2\data\real\000133.jpg,1
C:\Users\najwa\Downloads\smart-cartoon-pipeline-v2\data\real\000082.jpg,1
C:\Users\najwa\Downloads\smart-cartoon-pipeline-v2\data\cartoon\cs1150807528447777273.jpg,0
C:\Users\najwa\Downloads\smart-cartoon-pipeline-v2\data\cartoon\cs124288615113989826.jpg,0
C:\Users\najwa\Downloads\smart-cartoon-pipeline-v2\data\cartoon\cs11591965363293153969.jpg,0
C:\Users\najwa\Downloads\smart-cartoon-pipeline-v2\data\cartoon\cs1153092764096999090.jpg,0
C:\Users\najwa\Downloads\smart-cartoon-pipeline-v2\data\real\000449.jpg,1
C:\Users\najwa\Downloads\smart-cartoon-pipeline-v2\data\real\000957.jpg,1
C:\Users\najwa\Downloads\smart-cartoon-pipeline-v2\data\real\001071.jpg,1
C:\Users\najwa\Downloads\smart-cartoon-pipeline-v2\data\real\000226.jpg,1
C:\Users\najwa\Downloads\smart-cartoon-pipeline-v2\data\real\000002.jpg,1
C:\Users\najwa\Downloads\smart-cartoon-pipeline-v2\data\cartoon\cs11548954951579353460.jpg,0
C:\Users\najwa\Downloads\smart-cartoon-pipeline-v2\data\real\000556.jpg,1
C:\Users\najwa\Downloads\smart-cartoon-pipeline-v2\data\cartoon\cs11634800259212769472.jpg,0
C:\Users\najwa\Downloads\smart-cartoon-pipeline-v2\data\real\000988.jpg,1
C:\Users\najwa\Downloads\smart-cartoon-pipeline-v2\data\real\000771.jpg,1
C:\Users\najwa\Downloads\smart-cartoon-pipeline-v2\data\real\001110.jpg,1
C:\Users\najwa\Downloads\smart-cartoon-pipeline-v2\data\real\000350.jpg,1
C:\Users\najwa\Downloads\smart-cartoon-pipeline-v2\data\real\000891.jpg,1
C:\Users\najwa\Downloads\smart-cartoon-pipeline-v2\data\real\000183.jpg,1
C:\Users\najwa\Downloads\smart-cartoon-pipeline-v2\data\cartoon\cs11647041408011429083.jpg,0
C:\Users\najwa\Downloads\smart-cartoon-pipeline-v2\data\cartoon\cs11545393464535123955.jpg,0
C:\Users\najwa\Downloads\smart-cartoon-pipeline-v2\data\real\000321.jpg,1
C:\Users\najwa\Downloads\smart-cartoon-pipeline-v2\data\real\000882.jpg,1
C:\Users\najwa\Downloads\smart-cartoon-pipeline-v2\data\real\000732.jpg,1
C:\Users\najwa\Downloads\smart-cartoon-pipeline-v2\data\real\000569.jpg,1
C:\Users\najwa\Downloads\smart-cartoon-pipeline-v2\data\real\000129.jpg,1
C:\Users\najwa\Downloads\smart-cartoon-pipeline-v2\data\real\001127.jpg,1
C:\Users\najwa\Downloads\smart-cartoon-pipeline-v2\data\cartoon\cs11570809748438794782.jpg,0
C:\Users\najwa\Downloads\smart-cartoon-pipeline-v2\data\real\000338.jpg,1
C:\Users\najwa\Downloads\smart-cartoon-pipeline-v2\data\cartoon\cs11637064221371917394.jpg,0
C:\Users\najwa\Downloads\smart-cartoon-pipeline-v2\data\real\001035.jpg,1
C:\Users\najwa\Downloads\smart-cartoon-pipeline-v2\data\cartoon\cs11528189806276391637.jpg,0
C:\Users\najwa\Downloads\smart-cartoon-pipeline-v2\data\cartoon\cs11617357871561598791.jpg,0
C:\Users\najwa\Downloads\smart-cartoon-pipeline-v2\data\cartoon\cs11569044222006374813.jpg,0
C:\Users\najwa\Downloads\smart-cartoon-pipeline-v2\data\real\000420.jpg,1
C:\Users\najwa\Downloads\smart-cartoon-pipeline-v2\data\cartoon\cs11566278636091434354.jpg,0
C:\Users\najwa\Downloads\smart-cartoon-pipeline-v2\data\real\000293.jpg,1
C:\Users\najwa\Downloads\smart-cartoon-pipeline-v2\data\cartoon\cs11563262650586706022.jpg,0
C:\Users\najwa\Downloads\smart-cartoon-pipeline-v2\data\cartoon\cs116191379503647598.jpg,0
C:\Users\najwa\Downloads\smart-cartoon-pipeline-v2\data\cartoon\cs11534322066465262490.jpg,0
C:\Users\najwa\Downloads\smart-cartoon-pipeline-v2\data\real\000577.jpg,1
C:\Users\najwa\Downloads\smart-cartoon-pipeline-v2\data\real\000531.jpg,1
C:\Users\najwa\Downloads\smart-cartoon-pipeline-v2\data\real\000089.jpg,1
C:\Users\najwa\Downloads\smart-cartoon-pipeline-v2\data\real\000972.jpg,1
C:\Users\najwa\Downloads\smart-cartoon-pipeline-v2\data\real\000783.jpg,1
C:\Users\najwa\Downloads\smart-cartoon-pipeline-v2\data\real\000277.jpg,1
C:\Users\najwa\Downloads\smart-cartoon-pipeline-v2\data\cartoon\cs11625206287769792216.jpg,0
C:\Users\najwa\Downloads\smart-cartoon-pipeline-v2\data\cartoon\cs11540882826056714865.jpg,0
C:\Users\najwa\Downloads\smart-cartoon-pipeline-v2\data\real\001042.jpg,1
C:\Users\najwa\Downloads\smart-cartoon-pipeline-v2\data\real\000256.jpg,1
C:\Users\najwa\Downloads\smart-cartoon-pipeline-v2\data\real\000096.jpg,1
C:\Users\najwa\Downloads\smart-cartoon-pipeline-v2\data\cartoon\cs11575338021551335081.jpg,0
C:\Users\najwa\Downloads\smart-cartoon-pipeline-v2\data\cartoon\cs11521522098571305802.jpg,0
C:\Users\najwa\Downloads\smart-cartoon-pipeline-v2\data\cartoon\cs11553723186618909022.jpg,0
C:\Users\najwa\Downloads\smart-cartoon-pipeline-v2\data\cartoon\cs129981346445626345.jpg,0
C:\Users\najwa\Downloads\smart-cartoon-pipeline-v2\data\cartoon\cs11556918079365581843.jpg,0
C:\Users\najwa\Downloads\smart-cartoon-pipeline-v2\data\real\000756.jpg,1
C:\Users\najwa\Downloads\smart-cartoon-pipeline-v2\data\cartoon\cs11601030167464725188.jpg,0
C:\Users\najwa\Downloads\smart-cartoon-pipeline-v2\data\real\000025.jpg,1
C:\Users\najwa\Downloads\smart-cartoon-pipeline-v2\data\real\000313.jpg,1
C:\Users\najwa\Downloads\smart-cartoon-pipeline-v2\data\cartoon\cs11630489157404977802.jpg,0
C:\Users\najwa\Downloads\smart-cartoon-pipeline-v2\data\cartoon\cs11625080283481716601.jpg,0
C:\Users\najwa\Downloads\smart-cartoon-pipeline-v2\data\cartoon\cs11639097921267905122.jpg,0
C:\Users\najwa\Downloads\smart-cartoon-pipeline-v2\data\real\000393.jpg,1
C:\Users\najwa\Downloads\smart-cartoon-pipeline-v2\data\real\000343.jpg,1
C:\Users\najwa\Downloads\smart-cartoon-pipeline-v2\data\cartoon\cs11514805153635866041.jpg,0
C:\Users\najwa\Downloads\smart-cartoon-pipeline-v2\data\cartoon\cs11549803155384492599.jpg,0
C:\Users\najwa\Downloads\smart-cartoon-pipeline-v2\data\real\001103.jpg,1
C:\Users\najwa\Downloads\smart-cartoon-pipeline-v2\data\real\000872.jpg,1
C:\Users\najwa\Downloads\smart-cartoon-pipeline-v2\data\real\000199.jpg,1
C:\Users\najwa\Downloads\smart-cartoon-pipeline-v2\data\real\000485.jpg,1
C:\Users\najwa\Downloads\smart-cartoon-pipeline-v2\data\cartoon\cs11621219866367157451.jpg,0
C:\Users\najwa\Downloads\smart-cartoon-pipeline-v2\data\real\000789.jpg,1
C:\Users\najwa\Downloads\smart-cartoon-pipeline-v2\data\real\000080.jpg,1
C:\Users\najwa\Downloads\smart-cartoon-pipeline-v2\data\real\000114.jpg,1
C:\Users\najwa\Downloads\smart-cartoon-pipeline-v2\data\cartoon\cs11559546127931950206.jpg,0
C:\Users\najwa\Downloads\smart-cartoon-pipeline-v2\data\real\001034.jpg,1
C:\Users\najwa\Downloads\smart-cartoon-pipeline-v2\data\real\001077.jpg,1
C:\Users\najwa\Downloads\smart-cartoon-pipeline-v2\data\cartoon\cs11515132590342184520.jpg,0
C:\Users\najwa\Downloads\smart-cartoon-pipeline-v2\data\cartoon\cs1160538532879864255.jpg,0
C:\Users\najwa\Downloads\smart-cartoon-pipeline-v2\data\real\000355.jpg,1
C:\Users\najwa\Downloads\smart-cartoon-pipeline-v2\data\cartoon\cs1163637964352437578.jpg,0
C:\Users\najwa\Downloads\smart-cartoon-pipeline-v2\data\real\000447.jpg,1
C:\Users\najwa\Downloads\smart-cartoon-pipeline-v2\data\cartoon\cs11505033886377569525.jpg,0
C:\Users\najwa\Downloads\smart-cartoon-pipeline-v2\data\real\000724.jpg,1
C:\Users\najwa\Downloads\smart-cartoon-pipeline-v2\data\cartoon\cs11524612721848447043.jpg,0
C:\Users\najwa\Downloads\smart-cartoon-pipeline-v2\data\real\001136.jpg,1
C:\Users\najwa\Downloads\smart-cartoon-pipeline-v2\data\real\001088.jpg,1
C:\Users\najwa\Downloads\smart-cartoon-pipeline-v2\data\real\000011.jpg,1
C:\Users\najwa\Downloads\smart-cartoon-pipeline-v2\data\real\000200.jpg,1
C:\Users\najwa\Downloads\smart-cartoon-pipeline-v2\data\real\000657.jpg,1
C:\Users\najwa\Downloads\smart-cartoon-pipeline-v2\data\cartoon\cs11637731819226410916.jpg,0
C:\Users\najwa\Downloads\smart-cartoon-pipeline-v2\data\real\000878.jpg,1
C:\Users\najwa\Downloads\smart-cartoon-pipeline-v2\data\cartoon\cs1157691206249801684.jpg,0
C:\Users\najwa\Downloads\smart-cartoon-pipeline-v2\data\cartoon\cs1161001960538417172.jpg,0
C:\Users\najwa\Downloads\smart-cartoon-pipeline-v2\data\cartoon\cs11508856472088143298.jpg,0
C:\Users\najwa\Downloads\smart-cartoon-pipeline-v2\data\cartoon\cs11509260534826997690.jpg,0
C:\Users\najwa\Downloads\smart-cartoon-pipeline-v2\data\cartoon\cs11554325414902856330.jpg,0
C:\Users\najwa\Downloads\smart-cartoon-pipeline-v2\data\cartoon\cs11534542252564222920.jpg,0
C:\Users\najwa\Downloads\smart-cartoon-pipeline-v2\data\real\000587.jpg,1
C:\Users\najwa\Downloads\smart-cartoon-pipeline-v2\data\cartoon\cs11544540132799669724.jpg,0
C:\Users\najwa\Downloads\smart-cartoon-pipeline-v2\data\cartoon\cs11640712172418084695.jpg,0
C:\Users\najwa\Downloads\smart-cartoon-pipeline-v2\data\real\000884.jpg,1
C:\Users\najwa\Downloads\smart-cartoon-pipeline-v2\data\real\000234.jpg,1
C:\Users\najwa\Downloads\smart-cartoon-pipeline-v2\data\real\000751.jpg,1
C:\Users\najwa\Downloads\smart-cartoon-pipeline-v2\data\real\000520.jpg,1
C:\Users\najwa\Downloads\smart-cartoon-pipeline-v2\data\real\000685.jpg,1
C:\Users\najwa\Downloads\smart-cartoon-pipeline-v2\data\real\001168.jpg,1
C:\Users\najwa\Downloads\smart-cartoon-pipeline-v2\data\cartoon\cs11529766047858756962.jpg,0
C:\Users\najwa\Downloads\smart-cartoon-pipeline-v2\data\real\001053.jpg,1
C:\Users\najwa\Downloads\smart-cartoon-pipeline-v2\data\real\000140.jpg,1
C:\Users\najwa\Downloads\smart-cartoon-pipeline-v2\data\cartoon\cs11502298889929094331.jpg,0
C:\Users\najwa\Downloads\smart-cartoon-pipeline-v2\data\real\000740.jpg,1
C:\Users\najwa\Downloads\smart-cartoon-pipeline-v2\data\real\000801.jpg,1
C:\Users\najwa\Downloads\smart-cartoon-pipeline-v2\data\real\000071.jpg,1
C:\Users\najwa\Downloads\smart-cartoon-pipeline-v2\data\cartoon\cs11614346958850843103.jpg,0
C:\Users\najwa\Downloads\smart-cartoon-pipeline-v2\data\cartoon\cs1162521134218291979.jpg,0
C:\Users\najwa\Downloads\smart-cartoon-pipeline-v2\data\cartoon\cs11524761786604233264.jpg,0
C:\Users\najwa\Downloads\smart-cartoon-pipeline-v2\data\real\000871.jpg,1
C:\Users\najwa\Downloads\smart-cartoon-pipeline-v2\data\cartoon\cs11624497608550665163.jpg,0
C:\Users\najwa\Downloads\smart-cartoon-pipeline-v2\data\real\000911.jpg,1
C:\Users\najwa\Downloads\smart-cartoon-pipeline-v2\data\real\000320.jpg,1
C:\Users\najwa\Downloads\smart-cartoon-pipeline-v2\data\cartoon\cs11503632756487084302.jpg,0
C:\Users\najwa\Downloads\smart-cartoon-pipeline-v2\data\real\001098.jpg,1
C:\Users\najwa\Downloads\smart-cartoon-pipeline-v2\data\cartoon\cs11570242806000383180.jpg,0
C:\Users\najwa\Downloads\smart-cartoon-pipeline-v2\data\real\000239.jpg,1
C:\Users\najwa\Downloads\smart-cartoon-pipeline-v2\data\real\000615.jpg,1
C:\Users\najwa\Downloads\smart-cartoon-pipeline-v2\data\real\000064.jpg,1
C:\Users\najwa\Downloads\smart-cartoon-pipeline-v2\data\cartoon\cs11556391622361138892.jpg,0
C:\Users\najwa\Downloads\smart-cartoon-pipeline-v2\data\cartoon\cs128204152268862097.jpg,0
C:\Users\najwa\Downloads\smart-cartoon-pipeline-v2\data\cartoon\cs11568978072121750675.jpg,0
C:\Users\najwa\Downloads\smart-cartoon-pipeline-v2\data\real\000701.jpg,1
C:\Users\najwa\Downloads\smart-cartoon-pipeline-v2\data\cartoon\cs11608346081269402499.jpg,0
C:\Users\najwa\Downloads\smart-cartoon-pipeline-v2\data\real\000537.jpg,1
C:\Users\najwa\Downloads\smart-cartoon-pipeline-v2\data\cartoon\cs11651115231388538558.jpg,0
C:\Users\najwa\Downloads\smart-cartoon-pipeline-v2\data\cartoon\cs1153346635674498918.jpg,0
C:\Users\najwa\Downloads\smart-cartoon-pipeline-v2\data\cartoon\cs11510906321240409249.jpg,0
C:\Users\najwa\Downloads\smart-cartoon-pipeline-v2\data\cartoon\cs11587131180605050837.jpg,0
C:\Users\najwa\Downloads\smart-cartoon-pipeline-v2\data\cartoon\cs11517603841193927155.jpg,0
C:\Users\najwa\Downloads\smart-cartoon-pipeline-v2\data\cartoon\cs11536588865650217756.jpg,0
C:\Users\najwa\Downloads\smart-cartoon-pipeline-v2\data\real\000024.jpg,1
C:\Users\najwa\Downloads\smart-cartoon-pipeline-v2\data\cartoon\cs11511932976292475735.jpg,0
C:\Users\najwa\Downloads\smart-cartoon-pipeline-v2\data\real\001037.jpg,1
C:\Users\najwa\Downloads\smart-cartoon-pipeline-v2\data\real\001076.jpg,1
C:\Users\najwa\Downloads\smart-cartoon-pipeline-v2\data\real\000982.jpg,1
C:\Users\najwa\Downloads\smart-cartoon-pipeline-v2\data\cartoon\cs11615686616871414298.jpg,0
C:\Users\najwa\Downloads\smart-cartoon-pipeline-v2\data\cartoon\cs11552239570068299352.jpg,0
C:\Users\najwa\Downloads\smart-cartoon-pipeline-v2\data\real\001141.jpg,1
C:\Users\najwa\Downloads\smart-cartoon-pipeline-v2\data\real\000222.jpg,1
C:\Users\najwa\Downloads\smart-cartoon-pipeline-v2\data\real\000110.jpg,1
C:\Users\najwa\Downloads\smart-cartoon-pipeline-v2\data\real\000386.jpg,1
C:\Users\najwa\Downloads\smart-cartoon-pipeline-v2\data\real\000624.jpg,1
C:\Users\najwa\Downloads\smart-cartoon-pipeline-v2\data\cartoon\cs11568074617575444581.jpg,0
C:\Users\najwa\Downloads\smart-cartoon-pipeline-v2\data\cartoon\cs11508614529794785813.jpg,0
C:\Users\najwa\Downloads\smart-cartoon-pipeline-v2\data\real\000825.jpg,1
C:\Users\najwa\Downloads\smart-cartoon-pipeline-v2\data\real\000109.jpg,1
C:\Users\najwa\Downloads\smart-cartoon-pipeline-v2\data\real\001107.jpg,1
C:\Users\najwa\Downloads\smart-cartoon-pipeline-v2\data\cartoon\cs11644858000526747441.jpg,0
C:\Users\najwa\Downloads\smart-cartoon-pipeline-v2\data\real\000373.jpg,1
C:\Users\najwa\Downloads\smart-cartoon-pipeline-v2\data\cartoon\cs11571286927782139942.jpg,0
C:\Users\najwa\Downloads\smart-cartoon-pipeline-v2\data\real\000049.jpg,1
C:\Users\najwa\Downloads\smart-cartoon-pipeline-v2\data\cartoon\cs11525377139866505516.jpg,0
C:\Users\najwa\Downloads\smart-cartoon-pipeline-v2\data\cartoon\cs11564279531269953017.jpg,0
C:\Users\najwa\Downloads\smart-cartoon-pipeline-v2\data\real\001074.jpg,1
C:\Users\najwa\Downloads\smart-cartoon-pipeline-v2\data\real\000688.jpg,1
C:\Users\najwa\Downloads\smart-cartoon-pipeline-v2\data\cartoon\cs11627399275316185740.jpg,0
C:\Users\najwa\Downloads\smart-cartoon-pipeline-v2\data\cartoon\cs11524394837257058161.jpg,0
C:\Users\najwa\Downloads\smart-cartoon-pipeline-v2\data\cartoon\cs11577684247192164878.jpg,0
C:\Users\najwa\Downloads\smart-cartoon-pipeline-v2\data\cartoon\cs11585601261511934503.jpg,0
C:\Users\najwa\Downloads\smart-cartoon-pipeline-v2\data\real\000967.jpg,1
C:\Users\najwa\Downloads\smart-cartoon-pipeline-v2\data\real\000929.jpg,1
C:\Users\najwa\Downloads\smart-cartoon-pipeline-v2\data\real\000759.jpg,1
C:\Users\najwa\Downloads\smart-cartoon-pipeline-v2\data\cartoon\cs11635480220833069173.jpg,0
C:\Users\najwa\Downloads\smart-cartoon-pipeline-v2\data\real\000365.jpg,1
C:\Users\najwa\Downloads\smart-cartoon-pipeline-v2\data\real\001097.jpg,1
C:\Users\najwa\Downloads\smart-cartoon-pipeline-v2\data\real\000099.jpg,1
C:\Users\najwa\Downloads\smart-cartoon-pipeline-v2\data\cartoon\cs11564411431243514679.jpg,0
C:\Users\najwa\Downloads\smart-cartoon-pipeline-v2\data\real\000008.jpg,1
C:\Users\najwa\Downloads\smart-cartoon-pipeline-v2\data\real\000437.jpg,1
C:\Users\najwa\Downloads\smart-cartoon-pipeline-v2\data\real\000752.jpg,1
C:\Users\najwa\Downloads\smart-cartoon-pipeline-v2\data\cartoon\cs11556753160752685725.jpg,0
C:\Users\najwa\Downloads\smart-cartoon-pipeline-v2\data\cartoon\cs11512260660733692941.jpg,0
C:\Users\najwa\Downloads\smart-cartoon-pipeline-v2\data\real\000538.jpg,1
C:\Users\najwa\Downloads\smart-cartoon-pipeline-v2\data\cartoon\cs11575253547302612502.jpg,0
C:\Users\najwa\Downloads\smart-cartoon-pipeline-v2\data\real\000730.jpg,1
C:\Users\najwa\Downloads\smart-cartoon-pipeline-v2\data\cartoon\cs11656367686033801515.jpg,0
C:\Users\najwa\Downloads\smart-cartoon-pipeline-v2\data\cartoon\cs11577803492860032172.jpg,0
C:\Users\najwa\Downloads\smart-cartoon-pipeline-v2\data\cartoon\cs11633061901172174943.jpg,0
C:\Users\najwa\Downloads\smart-cartoon-pipeline-v2\data\cartoon\cs11562282842149779654.jpg,0
C:\Users\najwa\Downloads\smart-cartoon-pipeline-v2\data\real\000828.jpg,1
C:\Users\najwa\Downloads\smart-cartoon-pipeline-v2\data\real\001066.jpg,1
C:\Users\najwa\Downloads\smart-cartoon-pipeline-v2\data\cartoon\cs11614551603944819.jpg,0
C:\Users\najwa\Downloads\smart-cartoon-pipeline-v2\data\real\000003.jpg,1
C:\Users\najwa\Downloads\smart-cartoon-pipeline-v2\data\cartoon\cs11530730611800790775.jpg,0
C:\Users\najwa\Downloads\smart-cartoon-pipeline-v2\data\real\000376.jpg,1
C:\Users\najwa\Downloads\smart-cartoon-pipeline-v2\data\cartoon\cs11506065483702932238.jpg,0
C:\Users\najwa\Downloads\smart-cartoon-pipeline-v2\data\real\000018.jpg,1
C:\Users\najwa\Downloads\smart-cartoon-pipeline-v2\data\real\000855.jpg,1
C:\Users\najwa\Downloads\smart-cartoon-pipeline-v2\data\real\000524.jpg,1
C:\Users\najwa\Downloads\smart-cartoon-pipeline-v2\data\real\000068.jpg,1
C:\Users\najwa\Downloads\smart-cartoon-pipeline-v2\data\cartoon\cs11576020488963775908.jpg,0
C:\Users\najwa\Downloads\smart-cartoon-pipeline-v2\data\real\000370.jpg,1
C:\Users\najwa\Downloads\smart-cartoon-pipeline-v2\data\real\000302.jpg,1
C:\Users\najwa\Downloads\smart-cartoon-pipeline-v2\data\real\000885.jpg,1
C:\Users\najwa\Downloads\smart-cartoon-pipeline-v2\data\cartoon\cs11553379471657795415.jpg,0
C:\Users\najwa\Downloads\smart-cartoon-pipeline-v2\data\cartoon\cs116125026653290504.jpg,0
C:\Users\najwa\Downloads\smart-cartoon-pipeline-v2\data\cartoon\cs11562417291831634064.jpg,0
C:\Users\najwa\Downloads\smart-cartoon-pipeline-v2\data\cartoon\cs11614770255251668477.jpg,0
C:\Users\najwa\Downloads\smart-cartoon-pipeline-v2\data\real\000920.jpg,1
C:\Users\najwa\Downloads\smart-cartoon-pipeline-v2\data\real\000187.jpg,1
C:\Users\najwa\Downloads\smart-cartoon-pipeline-v2\data\real\000050.jpg,1
C:\Users\najwa\Downloads\smart-cartoon-pipeline-v2\data\real\000994.jpg,1
C:\Users\najwa\Downloads\smart-cartoon-pipeline-v2\data\cartoon\cs11521112069434770835.jpg,0
C:\Users\najwa\Downloads\smart-cartoon-pipeline-v2\data\cartoon\cs11549607605585503419.jpg,0
C:\Users\najwa\Downloads\smart-cartoon-pipeline-v2\data\real\000421.jpg,1
C:\Users\najwa\Downloads\smart-cartoon-pipeline-v2\data\cartoon\cs11527001636412533666.jpg,0
C:\Users\najwa\Downloads\smart-cartoon-pipeline-v2\data\real\000887.jpg,1
C:\Users\najwa\Downloads\smart-cartoon-pipeline-v2\data\cartoon\cs11568112496809693022.jpg,0
C:\Users\najwa\Downloads\smart-cartoon-pipeline-v2\data\real\000633.jpg,1
C:\Users\najwa\Downloads\smart-cartoon-pipeline-v2\data\real\000284.jpg,1
C:\Users\najwa\Downloads\smart-cartoon-pipeline-v2\data\real\000711.jpg,1
C:\Users\najwa\Downloads\smart-cartoon-pipeline-v2\data\real\000488.jpg,1
C:\Users\najwa\Downloads\smart-cartoon-pipeline-v2\data\cartoon\cs1158852004602625814.jpg,0
C:\Users\najwa\Downloads\smart-cartoon-pipeline-v2\data\cartoon\cs11556600292924363363.jpg,0
C:\Users\najwa\Downloads\smart-cartoon-pipeline-v2\data\cartoon\cs119522518974095132.jpg,0
C:\Users\najwa\Downloads\smart-cartoon-pipeline-v2\data\real\000578.jpg,1
C:\Users\najwa\Downloads\smart-cartoon-pipeline-v2\data\cartoon\cs1155866929409332465.jpg,0
C:\Users\najwa\Downloads\smart-cartoon-pipeline-v2\data\cartoon\cs11503401209912824642.jpg,0
C:\Users\najwa\Downloads\smart-cartoon-pipeline-v2\data\cartoon\cs11604889932619382434.jpg,0
C:\Users\najwa\Downloads\smart-cartoon-pipeline-v2\data\real\000383.jpg,1
C:\Users\najwa\Downloads\smart-cartoon-pipeline-v2\data\cartoon\cs11640175058201495419.jpg,0
C:\Users\najwa\Downloads\smart-cartoon-pipeline-v2\data\cartoon\cs11605577145812774113.jpg,0
C:\Users\najwa\Downloads\smart-cartoon-pipeline-v2\data\cartoon\cs1163784301970878698.jpg,0
C:\Users\najwa\Downloads\smart-cartoon-pipeline-v2\data\real\000522.jpg,1
C:\Users\najwa\Downloads\smart-cartoon-pipeline-v2\data\cartoon\cs11559190817738810020.jpg,0
C:\Users\najwa\Downloads\smart-cartoon-pipeline-v2\data\cartoon\cs11655735436265543654.jpg,0
C:\Users\najwa\Downloads\smart-cartoon-pipeline-v2\data\cartoon\cs11583293478671264920.jpg,0
C:\Users\najwa\Downloads\smart-cartoon-pipeline-v2\data\real\000686.jpg,1
C:\Users\najwa\Downloads\smart-cartoon-pipeline-v2\data\real\001167.jpg,1
C:\Users\najwa\Downloads\smart-cartoon-pipeline-v2\data\cartoon\cs11657204388978152926.jpg,0
C:\Users\najwa\Downloads\smart-cartoon-pipeline-v2\data\real\000600.jpg,1
C:\Users\najwa\Downloads\smart-cartoon-pipeline-v2\data\real\000318.jpg,1
C:\Users\najwa\Downloads\smart-cartoon-pipeline-v2\data\real\000856.jpg,1
C:\Users\najwa\Downloads\smart-cartoon-pipeline-v2\data\real\000570.jpg,1
C:\Users\najwa\Downloads\smart-cartoon-pipeline-v2\data\cartoon\cs11646899054498468652.jpg,0
C:\Users\najwa\Downloads\smart-cartoon-pipeline-v2\data\real\000431.jpg,1
C:\Users\najwa\Downloads\smart-cartoon-pipeline-v2\data\real\000634.jpg,1
C:\Users\najwa\Downloads\smart-cartoon-pipeline-v2\data\cartoon\cs125650755767210673.jpg,0
C:\Users\najwa\Downloads\smart-cartoon-pipeline-v2\data\real\000782.jpg,1
C:\Users\najwa\Downloads\smart-cartoon-pipeline-v2\data\cartoon\cs11618700373448205125.jpg,0
C:\Users\najwa\Downloads\smart-cartoon-pipeline-v2\data\cartoon\cs120460149477734087.jpg,0
C:\Users\najwa\Downloads\smart-cartoon-pipeline-v2\data\cartoon\cs1158832911107842623.jpg,0
C:\Users\najwa\Downloads\smart-cartoon-pipeline-v2\data\cartoon\cs11514027706585533668.jpg,0
C:\Users\najwa\Downloads\smart-cartoon-pipeline-v2\data\cartoon\cs11564733962081122013.jpg,0
C:\Users\najwa\Downloads\smart-cartoon-pipeline-v2\data\real\000579.jpg,1
C:\Users\najwa\Downloads\smart-cartoon-pipeline-v2\data\real\000329.jpg,1
C:\Users\najwa\Downloads\smart-cartoon-pipeline-v2\data\cartoon\cs11602134314295776914.jpg,0
C:\Users\najwa\Downloads\smart-cartoon-pipeline-v2\data\real\000754.jpg,1
C:\Users\najwa\Downloads\smart-cartoon-pipeline-v2\data\cartoon\cs11623370497878683754.jpg,0
C:\Users\najwa\Downloads\smart-cartoon-pipeline-v2\data\real\000292.jpg,1
C:\Users\najwa\Downloads\smart-cartoon-pipeline-v2\data\cartoon\cs11607149565873632133.jpg,0
C:\Users\najwa\Downloads\smart-cartoon-pipeline-v2\data\real\000733.jpg,1
C:\Users\najwa\Downloads\smart-cartoon-pipeline-v2\data\real\000813.jpg,1
C:\Users\najwa\Downloads\smart-cartoon-pipeline-v2\data\cartoon\cs127361846170898568.jpg,0
C:\Users\najwa\Downloads\smart-cartoon-pipeline-v2\data\real\000153.jpg,1
C:\Users\najwa\Downloads\smart-cartoon-pipeline-v2\data\real\000893.jpg,1
C:\Users\najwa\Downloads\smart-cartoon-pipeline-v2\data\real\000217.jpg,1
C:\Users\najwa\Downloads\smart-cartoon-pipeline-v2\data\real\000585.jpg,1
C:\Users\najwa\Downloads\smart-cartoon-pipeline-v2\data\cartoon\cs11581725965257209094.jpg,0
C:\Users\najwa\Downloads\smart-cartoon-pipeline-v2\data\cartoon\cs11597853992141249878.jpg,0
C:\Users\najwa\Downloads\smart-cartoon-pipeline-v2\data\cartoon\cs11521447000813609729.jpg,0
C:\Users\najwa\Downloads\smart-cartoon-pipeline-v2\data\real\001038.jpg,1
C:\Users\najwa\Downloads\smart-cartoon-pipeline-v2\data\real\001055.jpg,1
C:\Users\najwa\Downloads\smart-cartoon-pipeline-v2\data\real\001140.jpg,1
C:\Users\najwa\Downloads\smart-cartoon-pipeline-v2\data\real\000454.jpg,1
C:\Users\najwa\Downloads\smart-cartoon-pipeline-v2\data\real\000171.jpg,1
C:\Users\najwa\Downloads\smart-cartoon-pipeline-v2\data\real\000122.jpg,1
C:\Users\najwa\Downloads\smart-cartoon-pipeline-v2\data\real\000922.jpg,1
C:\Users\najwa\Downloads\smart-cartoon-pipeline-v2\data\real\000224.jpg,1
C:\Users\najwa\Downloads\smart-cartoon-pipeline-v2\data\cartoon\cs11599764329195950965.jpg,0
C:\Users\najwa\Downloads\smart-cartoon-pipeline-v2\data\real\000562.jpg,1
C:\Users\najwa\Downloads\smart-cartoon-pipeline-v2\data\real\000696.jpg,1
C:\Users\najwa\Downloads\smart-cartoon-pipeline-v2\data\cartoon\cs11574390069412152409.jpg,0
C:\Users\najwa\Downloads\smart-cartoon-pipeline-v2\data\real\000648.jpg,1
C:\Users\najwa\Downloads\smart-cartoon-pipeline-v2\data\cartoon\cs126330840067628376.jpg,0
C:\Users\najwa\Downloads\smart-cartoon-pipeline-v2\data\real\000592.jpg,1
C:\Users\najwa\Downloads\smart-cartoon-pipeline-v2\data\real\001150.jpg,1
C:\Users\najwa\Downloads\smart-cartoon-pipeline-v2\data\real\000517.jpg,1
C:\Users\najwa\Downloads\smart-cartoon-pipeline-v2\data\real\000753.jpg,1
C:\Users\najwa\Downloads\smart-cartoon-pipeline-v2\data\real\001166.jpg,1
C:\Users\najwa\Downloads\smart-cartoon-pipeline-v2\data\real\000510.jpg,1
C:\Users\najwa\Downloads\smart-cartoon-pipeline-v2\data\cartoon\cs11584637896280056749.jpg,0
C:\Users\najwa\Downloads\smart-cartoon-pipeline-v2\data\real\000001.jpg,1
C:\Users\najwa\Downloads\smart-cartoon-pipeline-v2\data\real\000248.jpg,1
C:\Users\najwa\Downloads\smart-cartoon-pipeline-v2\data\real\000451.jpg,1
C:\Users\najwa\Downloads\smart-cartoon-pipeline-v2\data\cartoon\cs11506903440433819853.jpg,0
C:\Users\najwa\Downloads\smart-cartoon-pipeline-v2\data\cartoon\cs11641950736702350358.jpg,0
C:\Users\najwa\Downloads\smart-cartoon-pipeline-v2\data\cartoon\cs11526341743640649693.jpg,0
C:\Users\najwa\Downloads\smart-cartoon-pipeline-v2\data\real\000639.jpg,1
C:\Users\najwa\Downloads\smart-cartoon-pipeline-v2\data\real\000870.jpg,1
C:\Users\najwa\Downloads\smart-cartoon-pipeline-v2\data\real\000323.jpg,1
C:\Users\najwa\Downloads\smart-cartoon-pipeline-v2\data\cartoon\cs1154893470379726583.jpg,0
C:\Users\najwa\Downloads\smart-cartoon-pipeline-v2\data\real\000874.jpg,1
C:\Users\najwa\Downloads\smart-cartoon-pipeline-v2\data\cartoon\cs11561393600120585566.jpg,0
C:\Users\najwa\Downloads\smart-cartoon-pipeline-v2\data\cartoon\cs11552004012397272633.jpg,0
C:\Users\najwa\Downloads\smart-cartoon-pipeline-v2\data\real\000112.jpg,1
C:\Users\najwa\Downloads\smart-cartoon-pipeline-v2\data\real\000557.jpg,1
C:\Users\najwa\Downloads\smart-cartoon-pipeline-v2\data\real\000678.jpg,1
C:\Users\najwa\Downloads\smart-cartoon-pipeline-v2\data\real\000769.jpg,1
C:\Users\najwa\Downloads\smart-cartoon-pipeline-v2\data\real\000857.jpg,1
C:\Users\najwa\Downloads\smart-cartoon-pipeline-v2\data\cartoon\cs11584199236486762632.jpg,0
C:\Users\najwa\Downloads\smart-cartoon-pipeline-v2\data\cartoon\cs11567953875094528569.jpg,0
C:\Users\najwa\Downloads\smart-cartoon-pipeline-v2\data\cartoon\cs11641604827904747477.jpg,0
C:\Users\najwa\Downloads\smart-cartoon-pipeline-v2\data\real\000304.jpg,1
C:\Users\najwa\Downloads\smart-cartoon-pipeline-v2\data\real\000177.jpg,1
C:\Users\najwa\Downloads\smart-cartoon-pipeline-v2\data\cartoon\cs118692564480591641.jpg,0
C:\Users\najwa\Downloads\smart-cartoon-pipeline-v2\data\real\000862.jpg,1
C:\Users\najwa\Downloads\smart-cartoon-pipeline-v2\data\real\000919.jpg,1
C:\Users\najwa\Downloads\smart-cartoon-pipeline-v2\data\real\000146.jpg,1
C:\Users\najwa\Downloads\smart-cartoon-pipeline-v2\data\cartoon\cs11599540090719102168.jpg,0
C:\Users\najwa\Downloads\smart-cartoon-pipeline-v2\data\cartoon\cs11560400207945430537.jpg,0
C:\Users\najwa\Downloads\smart-cartoon-pipeline-v2\data\cartoon\cs11656868953419405140.jpg,0
C:\Users\najwa\Downloads\smart-cartoon-pipeline-v2\data\cartoon\cs11613872257314289165.jpg,0
C:\Users\najwa\Downloads\smart-cartoon-pipeline-v2\data\cartoon\cs11508106982004131726.jpg,0
C:\Users\najwa\Downloads\smart-cartoon-pipeline-v2\data\cartoon\cs11645553128035658049.jpg,0
C:\Users\najwa\Downloads\smart-cartoon-pipeline-v2\data\real\001116.jpg,1
C:\Users\najwa\Downloads\smart-cartoon-pipeline-v2\data\cartoon\cs11624121966316495306.jpg,0
C:\Users\najwa\Downloads\smart-cartoon-pipeline-v2\data\cartoon\cs11530144385785161756.jpg,0
C:\Users\najwa\Downloads\smart-cartoon-pipeline-v2\data\cartoon\cs11623769000082969462.jpg,0
C:\Users\najwa\Downloads\smart-cartoon-pipeline-v2\data\cartoon\cs1161168827204816425.jpg,0
C:\Users\najwa\Downloads\smart-cartoon-pipeline-v2\data\cartoon\cs11615265018888816162.jpg,0
C:\Users\najwa\Downloads\smart-cartoon-pipeline-v2\data\cartoon\cs11567157118330848794.jpg,0
C:\Users\najwa\Downloads\smart-cartoon-pipeline-v2\data\real\000572.jpg,1
C:\Users\najwa\Downloads\smart-cartoon-pipeline-v2\data\real\000198.jpg,1
C:\Users\najwa\Downloads\smart-cartoon-pipeline-v2\data\cartoon\cs127394376591587094.jpg,0
C:\Users\najwa\Downloads\smart-cartoon-pipeline-v2\data\real\000276.jpg,1
C:\Users\najwa\Downloads\smart-cartoon-pipeline-v2\data\real\000103.jpg,1
C:\Users\najwa\Downloads\smart-cartoon-pipeline-v2\data\real\000674.jpg,1
C:\Users\najwa\Downloads\smart-cartoon-pipeline-v2\data\real\000439.jpg,1
C:\Users\najwa\Downloads\smart-cartoon-pipeline-v2\data\real\000473.jpg,1
C:\Users\najwa\Downloads\smart-cartoon-pipeline-v2\data\cartoon\cs11580842339206217770.jpg,0
C:\Users\najwa\Downloads\smart-cartoon-pipeline-v2\data\cartoon\cs11509363352088081436.jpg,0
C:\Users\najwa\Downloads\smart-cartoon-pipeline-v2\data\cartoon\cs11577757809111655921.jpg,0
C:\Users\najwa\Downloads\smart-cartoon-pipeline-v2\data\cartoon\cs11595588323305642096.jpg,0
C:\Users\najwa\Downloads\smart-cartoon-pipeline-v2\data\real\000247.jpg,1
C:\Users\najwa\Downloads\smart-cartoon-pipeline-v2\data\real\001083.jpg,1
C:\Users\najwa\Downloads\smart-cartoon-pipeline-v2\data\real\000995.jpg,1
C:\Users\najwa\Downloads\smart-cartoon-pipeline-v2\data\cartoon\cs11535767710662356856.jpg,0
C:\Users\najwa\Downloads\smart-cartoon-pipeline-v2\data\real\000268.jpg,1
C:\Users\najwa\Downloads\smart-cartoon-pipeline-v2\data\cartoon\cs11598473464909489279.jpg,0
C:\Users\najwa\Downloads\smart-cartoon-pipeline-v2\data\cartoon\cs11542700927332210079.jpg,0
C:\Users\najwa\Downloads\smart-cartoon-pipeline-v2\data\real\000978.jpg,1
C:\Users\najwa\Downloads\smart-cartoon-pipeline-v2\data\cartoon\cs1161419253438669216.jpg,0
C:\Users\najwa\Downloads\smart-cartoon-pipeline-v2\data\real\000108.jpg,1
C:\Users\najwa\Downloads\smart-cartoon-pipeline-v2\data\real\000444.jpg,1
C:\Users\najwa\Downloads\smart-cartoon-pipeline-v2\data\real\000402.jpg,1
C:\Users\najwa\Downloads\smart-cartoon-pipeline-v2\data\real\000142.jpg,1
C:\Users\najwa\Downloads\smart-cartoon-pipeline-v2\data\real\000626.jpg,1
C:\Users\najwa\Downloads\smart-cartoon-pipeline-v2\data\real\000880.jpg,1
C:\Users\najwa\Downloads\smart-cartoon-pipeline-v2\data\cartoon\cs11606504258245102906.jpg,0
C:\Users\najwa\Downloads\smart-cartoon-pipeline-v2\data\cartoon\cs11529590767508182921.jpg,0
C:\Users\najwa\Downloads\smart-cartoon-pipeline-v2\data\real\001065.jpg,1
C:\Users\najwa\Downloads\smart-cartoon-pipeline-v2\data\cartoon\cs11508150176912304611.jpg,0
C:\Users\najwa\Downloads\smart-cartoon-pipeline-v2\data\real\000185.jpg,1
C:\Users\najwa\Downloads\smart-cartoon-pipeline-v2\data\real\000208.jpg,1
C:\Users\najwa\Downloads\smart-cartoon-pipeline-v2\data\cartoon\cs119749346055595641.jpg,0
C:\Users\najwa\Downloads\smart-cartoon-pipeline-v2\data\cartoon\cs11535397158385004623.jpg,0
C:\Users\najwa\Downloads\smart-cartoon-pipeline-v2\data\real\000436.jpg,1
C:\Users\najwa\Downloads\smart-cartoon-pipeline-v2\data\cartoon\cs11593410579230642764.jpg,0
C:\Users\najwa\Downloads\smart-cartoon-pipeline-v2\data\cartoon\cs11651614898966299751.jpg,0
C:\Users\najwa\Downloads\smart-cartoon-pipeline-v2\data\real\000036.jpg,1
C:\Users\najwa\Downloads\smart-cartoon-pipeline-v2\data\real\000434.jpg,1
C:\Users\najwa\Downloads\smart-cartoon-pipeline-v2\data\real\000027.jpg,1
C:\Users\najwa\Downloads\smart-cartoon-pipeline-v2\data\cartoon\cs11539225405991283660.jpg,0
C:\Users\najwa\Downloads\smart-cartoon-pipeline-v2\data\cartoon\cs11563974342893067557.jpg,0
C:\Users\najwa\Downloads\smart-cartoon-pipeline-v2\data\cartoon\cs11599287589826385954.jpg,0
C:\Users\najwa\Downloads\smart-cartoon-pipeline-v2\data\real\000046.jpg,1
C:\Users\najwa\Downloads\smart-cartoon-pipeline-v2\data\cartoon\cs11597088203536089767.jpg,0
C:\Users\najwa\Downloads\smart-cartoon-pipeline-v2\data\real\000805.jpg,1
C:\Users\najwa\Downloads\smart-cartoon-pipeline-v2\data\real\000966.jpg,1
C:\Users\najwa\Downloads\smart-cartoon-pipeline-v2\data\real\000916.jpg,1
C:\Users\najwa\Downloads\smart-cartoon-pipeline-v2\data\cartoon\cs11619279843834556097.jpg,0
C:\Users\najwa\Downloads\smart-cartoon-pipeline-v2\data\real\000270.jpg,1
C:\Users\najwa\Downloads\smart-cartoon-pipeline-v2\data\real\000107.jpg,1
C:\Users\najwa\Downloads\smart-cartoon-pipeline-v2\data\real\000890.jpg,1
C:\Users\najwa\Downloads\smart-cartoon-pipeline-v2\data\real\000504.jpg,1
C:\Users\najwa\Downloads\smart-cartoon-pipeline-v2\data\cartoon\cs11636137885461797459.jpg,0
C:\Users\najwa\Downloads\smart-cartoon-pipeline-v2\data\real\000677.jpg,1
C:\Users\najwa\Downloads\smart-cartoon-pipeline-v2\data\cartoon\cs1155057851685167969.jpg,0
C:\Users\najwa\Downloads\smart-cartoon-pipeline-v2\data\real\000683.jpg,1
C:\Users\najwa\Downloads\smart-cartoon-pipeline-v2\data\real\000971.jpg,1
C:\Users\najwa\Downloads\smart-cartoon-pipeline-v2\data\cartoon\cs127949771185562917.jpg,0
C:\Users\najwa\Downloads\smart-cartoon-pipeline-v2\data\real\000991.jpg,1
C:\Users\najwa\Downloads\smart-cartoon-pipeline-v2\data\cartoon\cs11630518858335867566.jpg,0
C:\Users\najwa\Downloads\smart-cartoon-pipeline-v2\data\cartoon\cs11585458955753237403.jpg,0
C:\Users\najwa\Downloads\smart-cartoon-pipeline-v2\data\real\001106.jpg,1
C:\Users\najwa\Downloads\smart-cartoon-pipeline-v2\data\real\000014.jpg,1
C:\Users\najwa\Downloads\smart-cartoon-pipeline-v2\data\real\000865.jpg,1
C:\Users\najwa\Downloads\smart-cartoon-pipeline-v2\data\cartoon\cs11521610040326874542.jpg,0
C:\Users\najwa\Downloads\smart-cartoon-pipeline-v2\data\cartoon\cs11623819410659135931.jpg,0
C:\Users\najwa\Downloads\smart-cartoon-pipeline-v2\data\real\000931.jpg,1
C:\Users\najwa\Downloads\smart-cartoon-pipeline-v2\data\real\000804.jpg,1
C:\Users\najwa\Downloads\smart-cartoon-pipeline-v2\data\cartoon\cs11529223054388578299.jpg,0
C:\Users\najwa\Downloads\smart-cartoon-pipeline-v2\data\real\001092.jpg,1
C:\Users\najwa\Downloads\smart-cartoon-pipeline-v2\data\real\001026.jpg,1
C:\Users\najwa\Downloads\smart-cartoon-pipeline-v2\data\cartoon\cs11534142716896444599.jpg,0
C:\Users\najwa\Downloads\smart-cartoon-pipeline-v2\data\cartoon\cs11601339061705186480.jpg,0
C:\Users\najwa\Downloads\smart-cartoon-pipeline-v2\data\real\000351.jpg,1
C:\Users\najwa\Downloads\smart-cartoon-pipeline-v2\data\cartoon\cs11615804961104704349.jpg,0
C:\Users\najwa\Downloads\smart-cartoon-pipeline-v2\data\cartoon\cs1157420332498721918.jpg,0
C:\Users\najwa\Downloads\smart-cartoon-pipeline-v2\data\real\000672.jpg,1
C:\Users\najwa\Downloads\smart-cartoon-pipeline-v2\data\real\000366.jpg,1
C:\Users\najwa\Downloads\smart-cartoon-pipeline-v2\data\real\000291.jpg,1
C:\Users\najwa\Downloads\smart-cartoon-pipeline-v2\data\cartoon\cs11565124084632740309.jpg,0
C:\Users\najwa\Downloads\smart-cartoon-pipeline-v2\data\cartoon\cs11520304423165899709.jpg,0
C:\Users\najwa\Downloads\smart-cartoon-pipeline-v2\data\cartoon\cs11564382325137326950.jpg,0
C:\Users\najwa\Downloads\smart-cartoon-pipeline-v2\data\real\000998.jpg,1
C:\Users\najwa\Downloads\smart-cartoon-pipeline-v2\data\real\000787.jpg,1
C:\Users\najwa\Downloads\smart-cartoon-pipeline-v2\data\real\000306.jpg,1
C:\Users\najwa\Downloads\smart-cartoon-pipeline-v2\data\real\000603.jpg,1
C:\Users\najwa\Downloads\smart-cartoon-pipeline-v2\data\real\000322.jpg,1
C:\Users\najwa\Downloads\smart-cartoon-pipeline-v2\data\real\001022.jpg,1
C:\Users\najwa\Downloads\smart-cartoon-pipeline-v2\data\cartoon\cs1163551851613426710.jpg,0
C:\Users\najwa\Downloads\smart-cartoon-pipeline-v2\data\real\000499.jpg,1
C:\Users\najwa\Downloads\smart-cartoon-pipeline-v2\data\cartoon\cs11524464593312307934.jpg,0
C:\Users\najwa\Downloads\smart-cartoon-pipeline-v2\data\cartoon\cs11527878580647237367.jpg,0
C:\Users\najwa\Downloads\smart-cartoon-pipeline-v2\data\cartoon\cs11601968325932318898.jpg,0
C:\Users\najwa\Downloads\smart-cartoon-pipeline-v2\data\real\000484.jpg,1
C:\Users\najwa\Downloads\smart-cartoon-pipeline-v2\data\real\000459.jpg,1
C:\Users\najwa\Downloads\smart-cartoon-pipeline-v2\data\cartoon\cs11648988046550579485.jpg,0
C:\Users\najwa\Downloads\smart-cartoon-pipeline-v2\data\cartoon\cs11645878388598636389.jpg,0
C:\Users\najwa\Downloads\smart-cartoon-pipeline-v2\data\real\000758.jpg,1
C:\Users\najwa\Downloads\smart-cartoon-pipeline-v2\data\real\000567.jpg,1
C:\Users\najwa\Downloads\smart-cartoon-pipeline-v2\data\real\000412.jpg,1
C:\Users\najwa\Downloads\smart-cartoon-pipeline-v2\data\cartoon\cs11572589574962460530.jpg,0
C:\Users\najwa\Downloads\smart-cartoon-pipeline-v2\data\real\000799.jpg,1
C:\Users\najwa\Downloads\smart-cartoon-pipeline-v2\data\cartoon\cs1158595877674160946.jpg,0
C:\Users\najwa\Downloads\smart-cartoon-pipeline-v2\data\real\000638.jpg,1
C:\Users\najwa\Downloads\smart-cartoon-pipeline-v2\data\cartoon\cs11584945184525228538.jpg,0
C:\Users\najwa\Downloads\smart-cartoon-pipeline-v2\data\cartoon\cs126530761159711141.jpg,0
C:\Users\najwa\Downloads\smart-cartoon-pipeline-v2\data\cartoon\cs11554865631002766813.jpg,0
C:\Users\najwa\Downloads\smart-cartoon-pipeline-v2\data\cartoon\cs118576814282391460.jpg,0
C:\Users\najwa\Downloads\smart-cartoon-pipeline-v2\data\real\000593.jpg,1
C:\Users\najwa\Downloads\smart-cartoon-pipeline-v2\data\real\000849.jpg,1
C:\Users\najwa\Downloads\smart-cartoon-pipeline-v2\data\real\000149.jpg,1
C:\Users\najwa\Downloads\smart-cartoon-pipeline-v2\data\cartoon\cs11514186247818514691.jpg,0
C:\Users\najwa\Downloads\smart-cartoon-pipeline-v2\data\cartoon\cs11534745965029757731.jpg,0
C:\Users\najwa\Downloads\smart-cartoon-pipeline-v2\data\real\000238.jpg,1
C:\Users\najwa\Downloads\smart-cartoon-pipeline-v2\data\cartoon\cs11631596228028770999.jpg,0
C:\Users\najwa\Downloads\smart-cartoon-pipeline-v2\data\real\000138.jpg,1
C:\Users\najwa\Downloads\smart-cartoon-pipeline-v2\data\cartoon\cs1162296577756424985.jpg,0
C:\Users\najwa\Downloads\smart-cartoon-pipeline-v2\data\cartoon\cs118797200538999325.jpg,0
C:\Users\najwa\Downloads\smart-cartoon-pipeline-v2\data\real\001159.jpg,1
C:\Users\najwa\Downloads\smart-cartoon-pipeline-v2\data\cartoon\cs1158807025288087521.jpg,0
C:\Users\najwa\Downloads\smart-cartoon-pipeline-v2\data\real\001036.jpg,1
C:\Users\najwa\Downloads\smart-cartoon-pipeline-v2\data\cartoon\cs11554174060485785249.jpg,0
C:\Users\najwa\Downloads\smart-cartoon-pipeline-v2\data\cartoon\cs11547578427606721065.jpg,0
C:\Users\najwa\Downloads\smart-cartoon-pipeline-v2\data\cartoon\cs11657257447867392261.jpg,0
C:\Users\najwa\Downloads\smart-cartoon-pipeline-v2\data\real\000731.jpg,1
C:\Users\najwa\Downloads\smart-cartoon-pipeline-v2\data\cartoon\cs11639909517511822513.jpg,0
C:\Users\najwa\Downloads\smart-cartoon-pipeline-v2\data\real\000938.jpg,1
C:\Users\najwa\Downloads\smart-cartoon-pipeline-v2\data\real\000827.jpg,1
C:\Users\najwa\Downloads\smart-cartoon-pipeline-v2\data\real\000401.jpg,1
C:\Users\najwa\Downloads\smart-cartoon-pipeline-v2\data\real\000876.jpg,1
C:\Users\najwa\Downloads\smart-cartoon-pipeline-v2\data\cartoon\cs126988860393777151.jpg,0
C:\Users\najwa\Downloads\smart-cartoon-pipeline-v2\data\cartoon\cs11506647441910502686.jpg,0
C:\Users\najwa\Downloads\smart-cartoon-pipeline-v2\data\real\000747.jpg,1
C:\Users\najwa\Downloads\smart-cartoon-pipeline-v2\data\cartoon\cs11624398245265451854.jpg,0
C:\Users\najwa\Downloads\smart-cartoon-pipeline-v2\data\cartoon\cs11616424175145614395.jpg,0
C:\Users\najwa\Downloads\smart-cartoon-pipeline-v2\data\cartoon\cs11572970119969836688.jpg,0
C:\Users\najwa\Downloads\smart-cartoon-pipeline-v2\data\real\000058.jpg,1
C:\Users\najwa\Downloads\smart-cartoon-pipeline-v2\data\cartoon\cs11567425327935795512.jpg,0
C:\Users\najwa\Downloads\smart-cartoon-pipeline-v2\data\real\000168.jpg,1
C:\Users\najwa\Downloads\smart-cartoon-pipeline-v2\data\real\001051.jpg,1
C:\Users\najwa\Downloads\smart-cartoon-pipeline-v2\data\cartoon\cs11592287053009779265.jpg,0
C:\Users\najwa\Downloads\smart-cartoon-pipeline-v2\data\cartoon\cs11520370033997354996.jpg,0
C:\Users\najwa\Downloads\smart-cartoon-pipeline-v2\data\cartoon\cs11597334559820573184.jpg,0
C:\Users\najwa\Downloads\smart-cartoon-pipeline-v2\data\cartoon\cs11558812636848417661.jpg,0
C:\Users\najwa\Downloads\smart-cartoon-pipeline-v2\data\real\000706.jpg,1
C:\Users\najwa\Downloads\smart-cartoon-pipeline-v2\data\real\000157.jpg,1
C:\Users\najwa\Downloads\smart-cartoon-pipeline-v2\data\real\000432.jpg,1
C:\Users\najwa\Downloads\smart-cartoon-pipeline-v2\data\real\000699.jpg,1
C:\Users\najwa\Downloads\smart-cartoon-pipeline-v2\data\real\000715.jpg,1
C:\Users\najwa\Downloads\smart-cartoon-pipeline-v2\data\real\000471.jpg,1
C:\Users\najwa\Downloads\smart-cartoon-pipeline-v2\data\real\000816.jpg,1
C:\Users\najwa\Downloads\smart-cartoon-pipeline-v2\data\cartoon\cs11559592949170443974.jpg,0
C:\Users\najwa\Downloads\smart-cartoon-pipeline-v2\data\cartoon\cs11523956416453409277.jpg,0
C:\Users\najwa\Downloads\smart-cartoon-pipeline-v2\data\cartoon\cs11632369433341568197.jpg,0
C:\Users\najwa\Downloads\smart-cartoon-pipeline-v2\data\real\000334.jpg,1
C:\Users\najwa\Downloads\smart-cartoon-pipeline-v2\data\real\000193.jpg,1
C:\Users\najwa\Downloads\smart-cartoon-pipeline-v2\data\real\000620.jpg,1
C:\Users\najwa\Downloads\smart-cartoon-pipeline-v2\data\cartoon\cs11613650999133384490.jpg,0
C:\Users\najwa\Downloads\smart-cartoon-pipeline-v2\data\real\000155.jpg,1
C:\Users\najwa\Downloads\smart-cartoon-pipeline-v2\data\cartoon\cs11634200163855038396.jpg,0
C:\Users\najwa\Downloads\smart-cartoon-pipeline-v2\data\cartoon\cs119730527013103917.jpg,0
C:\Users\najwa\Downloads\smart-cartoon-pipeline-v2\data\real\000181.jpg,1
C:\Users\najwa\Downloads\smart-cartoon-pipeline-v2\data\real\000722.jpg,1
C:\Users\najwa\Downloads\smart-cartoon-pipeline-v2\data\cartoon\cs11616004258472492566.jpg,0
C:\Users\najwa\Downloads\smart-cartoon-pipeline-v2\data\cartoon\cs11595348850159878168.jpg,0
C:\Users\najwa\Downloads\smart-cartoon-pipeline-v2\data\real\000251.jpg,1
C:\Users\najwa\Downloads\smart-cartoon-pipeline-v2\data\cartoon\cs117916093384923143.jpg,0
C:\Users\najwa\Downloads\smart-cartoon-pipeline-v2\data\cartoon\cs11561553413544219592.jpg,0
C:\Users\najwa\Downloads\smart-cartoon-pipeline-v2\data\real\000729.jpg,1
C:\Users\najwa\Downloads\smart-cartoon-pipeline-v2\data\cartoon\cs129529909052954249.jpg,0
C:\Users\najwa\Downloads\smart-cartoon-pipeline-v2\data\real\000888.jpg,1
C:\Users\najwa\Downloads\smart-cartoon-pipeline-v2\data\cartoon\cs11972746690637932.jpg,0
C:\Users\najwa\Downloads\smart-cartoon-pipeline-v2\data\cartoon\cs11553982566625526281.jpg,0
C:\Users\najwa\Downloads\smart-cartoon-pipeline-v2\data\cartoon\cs11535196644742752622.jpg,0
C:\Users\najwa\Downloads\smart-cartoon-pipeline-v2\data\cartoon\cs11631053070912309647.jpg,0
C:\Users\najwa\Downloads\smart-cartoon-pipeline-v2\data\cartoon\cs11564632185144645852.jpg,0
C:\Users\najwa\Downloads\smart-cartoon-pipeline-v2\data\cartoon\cs11587818170129509874.jpg,0
C:\Users\najwa\Downloads\smart-cartoon-pipeline-v2\data\real\000209.jpg,1
C:\Users\najwa\Downloads\smart-cartoon-pipeline-v2\data\real\000314.jpg,1
C:\Users\najwa\Downloads\smart-cartoon-pipeline-v2\data\real\000584.jpg,1
C:\Users\najwa\Downloads\smart-cartoon-pipeline-v2\data\real\000367.jpg,1
C:\Users\najwa\Downloads\smart-cartoon-pipeline-v2\data\real\001126.jpg,1
C:\Users\najwa\Downloads\smart-cartoon-pipeline-v2\data\cartoon\cs11596101018694344470.jpg,0
C:\Users\najwa\Downloads\smart-cartoon-pipeline-v2\data\real\000974.jpg,1
C:\Users\najwa\Downloads\smart-cartoon-pipeline-v2\data\real\000734.jpg,1
C:\Users\najwa\Downloads\smart-cartoon-pipeline-v2\data\real\000319.jpg,1
C:\Users\najwa\Downloads\smart-cartoon-pipeline-v2\data\cartoon\cs11517437833675811405.jpg,0
C:\Users\najwa\Downloads\smart-cartoon-pipeline-v2\data\real\000894.jpg,1
C:\Users\najwa\Downloads\smart-cartoon-pipeline-v2\data\cartoon\cs11571018960185799438.jpg,0
C:\Users\najwa\Downloads\smart-cartoon-pipeline-v2\data\cartoon\cs11592347960850357810.jpg,0
C:\Users\najwa\Downloads\smart-cartoon-pipeline-v2\data\cartoon\cs11618718474542738781.jpg,0
C:\Users\najwa\Downloads\smart-cartoon-pipeline-v2\data\cartoon\cs11541618035597045414.jpg,0
C:\Users\najwa\Downloads\smart-cartoon-pipeline-v2\data\real\000388.jpg,1
C:\Users\najwa\Downloads\smart-cartoon-pipeline-v2\data\real\000947.jpg,1
C:\Users\najwa\Downloads\smart-cartoon-pipeline-v2\data\real\000736.jpg,1
C:\Users\najwa\Downloads\smart-cartoon-pipeline-v2\data\cartoon\cs11536323374383778602.jpg,0
C:\Users\najwa\Downloads\smart-cartoon-pipeline-v2\data\real\000397.jpg,1
C:\Users\najwa\Downloads\smart-cartoon-pipeline-v2\data\real\001090.jpg,1
C:\Users\najwa\Downloads\smart-cartoon-pipeline-v2\data\cartoon\cs11617462858942941336.jpg,0
C:\Users\najwa\Downloads\smart-cartoon-pipeline-v2\data\cartoon\cs11575166463471330895.jpg,0
C:\Users\najwa\Downloads\smart-cartoon-pipeline-v2\data\cartoon\cs11571696437907458728.jpg,0
C:\Users\najwa\Downloads\smart-cartoon-pipeline-v2\data\real\000834.jpg,1
C:\Users\najwa\Downloads\smart-cartoon-pipeline-v2\data\cartoon\cs11583997294451447752.jpg,0
C:\Users\najwa\Downloads\smart-cartoon-pipeline-v2\data\real\000395.jpg,1
C:\Users\najwa\Downloads\smart-cartoon-pipeline-v2\data\cartoon\cs11626263762315789270.jpg,0
C:\Users\najwa\Downloads\smart-cartoon-pipeline-v2\data\cartoon\cs11592479968933589230.jpg,0
C:\Users\najwa\Downloads\smart-cartoon-pipeline-v2\data\real\000253.jpg,1
C:\Users\najwa\Downloads\smart-cartoon-pipeline-v2\data\cartoon\cs11639069283616656513.jpg,0
C:\Users\najwa\Downloads\smart-cartoon-pipeline-v2\data\real\001149.jpg,1
C:\Users\najwa\Downloads\smart-cartoon-pipeline-v2\data\cartoon\cs11541802522700278915.jpg,0
C:\Users\najwa\Downloads\smart-cartoon-pipeline-v2\data\cartoon\cs11615328730041229723.jpg,0
C:\Users\najwa\Downloads\smart-cartoon-pipeline-v2\data\real\000044.jpg,1
C:\Users\najwa\Downloads\smart-cartoon-pipeline-v2\data\cartoon\cs11527687896589624338.jpg,0
C:\Users\najwa\Downloads\smart-cartoon-pipeline-v2\data\real\000470.jpg,1
C:\Users\najwa\Downloads\smart-cartoon-pipeline-v2\data\cartoon\cs129675673202678692.jpg,0
C:\Users\najwa\Downloads\smart-cartoon-pipeline-v2\data\cartoon\cs11593500509830735672.jpg,0
C:\Users\najwa\Downloads\smart-cartoon-pipeline-v2\data\real\000362.jpg,1
C:\Users\najwa\Downloads\smart-cartoon-pipeline-v2\data\real\000532.jpg,1
C:\Users\najwa\Downloads\smart-cartoon-pipeline-v2\data\real\001001.jpg,1
C:\Users\najwa\Downloads\smart-cartoon-pipeline-v2\data\real\001080.jpg,1
C:\Users\najwa\Downloads\smart-cartoon-pipeline-v2\data\cartoon\cs11615315576527632192.jpg,0
C:\Users\najwa\Downloads\smart-cartoon-pipeline-v2\data\cartoon\cs11518652411867618644.jpg,0
C:\Users\najwa\Downloads\smart-cartoon-pipeline-v2\data\cartoon\cs11622404698929467117.jpg,0
C:\Users\najwa\Downloads\smart-cartoon-pipeline-v2\data\real\000010.jpg,1
C:\Users\najwa\Downloads\smart-cartoon-pipeline-v2\data\cartoon\cs11531773071827050482.jpg,0
C:\Users\najwa\Downloads\smart-cartoon-pipeline-v2\data\real\000519.jpg,1
C:\Users\najwa\Downloads\smart-cartoon-pipeline-v2\data\cartoon\cs11527559384792140301.jpg,0
C:\Users\najwa\Downloads\smart-cartoon-pipeline-v2\data\real\000446.jpg,1
C:\Users\najwa\Downloads\smart-cartoon-pipeline-v2\data\real\000354.jpg,1
C:\Users\najwa\Downloads\smart-cartoon-pipeline-v2\data\real\000682.jpg,1
C:\Users\najwa\Downloads\smart-cartoon-pipeline-v2\data\real\000113.jpg,1
C:\Users\najwa\Downloads\smart-cartoon-pipeline-v2\data\cartoon\cs11591563531223755622.jpg,0
C:\Users\najwa\Downloads\smart-cartoon-pipeline-v2\data\cartoon\cs11553068663629052935.jpg,0
C:\Users\najwa\Downloads\smart-cartoon-pipeline-v2\data\real\001120.jpg,1
C:\Users\najwa\Downloads\smart-cartoon-pipeline-v2\data\cartoon\cs11559739446477714722.jpg,0
C:\Users\najwa\Downloads\smart-cartoon-pipeline-v2\data\cartoon\cs11596947276963972558.jpg,0
C:\Users\najwa\Downloads\smart-cartoon-pipeline-v2\data\cartoon\cs1158397900918246031.jpg,0
C:\Users\najwa\Downloads\smart-cartoon-pipeline-v2\data\real\000332.jpg,1
C:\Users\najwa\Downloads\smart-cartoon-pipeline-v2\data\real\001121.jpg,1
C:\Users\najwa\Downloads\smart-cartoon-pipeline-v2\data\real\000728.jpg,1
C:\Users\najwa\Downloads\smart-cartoon-pipeline-v2\data\real\000937.jpg,1
C:\Users\najwa\Downloads\smart-cartoon-pipeline-v2\data\cartoon\cs11553499578370861062.jpg,0
C:\Users\najwa\Downloads\smart-cartoon-pipeline-v2\data\real\000852.jpg,1
C:\Users\najwa\Downloads\smart-cartoon-pipeline-v2\data\cartoon\cs11602136787855055563.jpg,0
C:\Users\najwa\Downloads\smart-cartoon-pipeline-v2\data\real\000215.jpg,1
C:\Users\najwa\Downloads\smart-cartoon-pipeline-v2\data\real\000246.jpg,1
C:\Users\najwa\Downloads\smart-cartoon-pipeline-v2\data\cartoon\cs1159148213854783449.jpg,0
C:\Users\najwa\Downloads\smart-cartoon-pipeline-v2\data\real\001014.jpg,1
C:\Users\najwa\Downloads\smart-cartoon-pipeline-v2\data\real\001093.jpg,1
C:\Users\najwa\Downloads\smart-cartoon-pipeline-v2\data\real\000043.jpg,1
C:\Users\najwa\Downloads\smart-cartoon-pipeline-v2\data\real\000445.jpg,1
C:\Users\najwa\Downloads\smart-cartoon-pipeline-v2\data\real\000540.jpg,1
C:\Users\najwa\Downloads\smart-cartoon-pipeline-v2\data\cartoon\cs11548994128671232076.jpg,0
C:\Users\najwa\Downloads\smart-cartoon-pipeline-v2\data\real\000647.jpg,1
C:\Users\najwa\Downloads\smart-cartoon-pipeline-v2\data\cartoon\cs11625926988274885719.jpg,0
C:\Users\najwa\Downloads\smart-cartoon-pipeline-v2\data\real\001004.jpg,1
C:\Users\najwa\Downloads\smart-cartoon-pipeline-v2\data\cartoon\cs11620256963018979061.jpg,0
C:\Users\najwa\Downloads\smart-cartoon-pipeline-v2\data\cartoon\cs11509817985601542300.jpg,0
C:\Users\najwa\Downloads\smart-cartoon-pipeline-v2\data\real\000663.jpg,1
C:\Users\najwa\Downloads\smart-cartoon-pipeline-v2\data\real\000710.jpg,1
C:\Users\najwa\Downloads\smart-cartoon-pipeline-v2\data\real\000628.jpg,1
C:\Users\najwa\Downloads\smart-cartoon-pipeline-v2\data\real\000464.jpg,1
C:\Users\najwa\Downloads\smart-cartoon-pipeline-v2\data\real\001005.jpg,1
C:\Users\najwa\Downloads\smart-cartoon-pipeline-v2\data\real\001162.jpg,1
C:\Users\najwa\Downloads\smart-cartoon-pipeline-v2\data\cartoon\cs11552505388775766403.jpg,0
C:\Users\najwa\Downloads\smart-cartoon-pipeline-v2\data\real\000792.jpg,1
C:\Users\najwa\Downloads\smart-cartoon-pipeline-v2\data\cartoon\cs11605607122825181336.jpg,0
C:\Users\najwa\Downloads\smart-cartoon-pipeline-v2\data\real\000353.jpg,1
C:\Users\najwa\Downloads\smart-cartoon-pipeline-v2\data\cartoon\cs11565088689421371213.jpg,0
C:\Users\najwa\Downloads\smart-cartoon-pipeline-v2\data\cartoon\cs11643630144547993478.jpg,0
C:\Users\najwa\Downloads\smart-cartoon-pipeline-v2\data\cartoon\cs11534998742960233061.jpg,0
C:\Users\najwa\Downloads\smart-cartoon-pipeline-v2\data\real\000541.jpg,1
C:\Users\najwa\Downloads\smart-cartoon-pipeline-v2\data\cartoon\cs11540173992805732254.jpg,0
C:\Users\najwa\Downloads\smart-cartoon-pipeline-v2\data\cartoon\cs11628032096426440350.jpg,0
C:\Users\najwa\Downloads\smart-cartoon-pipeline-v2\data\cartoon\cs11632027207021605372.jpg,0
C:\Users\najwa\Downloads\smart-cartoon-pipeline-v2\data\real\000385.jpg,1
C:\Users\najwa\Downloads\smart-cartoon-pipeline-v2\data\real\000311.jpg,1
C:\Users\najwa\Downloads\smart-cartoon-pipeline-v2\data\real\000007.jpg,1
C:\Users\najwa\Downloads\smart-cartoon-pipeline-v2\data\real\000528.jpg,1
C:\Users\najwa\Downloads\smart-cartoon-pipeline-v2\data\cartoon\cs11541427105545301472.jpg,0
C:\Users\najwa\Downloads\smart-cartoon-pipeline-v2\data\real\000086.jpg,1
C:\Users\najwa\Downloads\smart-cartoon-pipeline-v2\data\real\000716.jpg,1
C:\Users\najwa\Downloads\smart-cartoon-pipeline-v2\data\cartoon\cs11633182148451953991.jpg,0
C:\Users\najwa\Downloads\smart-cartoon-pipeline-v2\data\cartoon\cs11515938997821210335.jpg,0
C:\Users\najwa\Downloads\smart-cartoon-pipeline-v2\data\real\001145.jpg,1
C:\Users\najwa\Downloads\smart-cartoon-pipeline-v2\data\real\000738.jpg,1
C:\Users\najwa\Downloads\smart-cartoon-pipeline-v2\data\real\000123.jpg,1
C:\Users\najwa\Downloads\smart-cartoon-pipeline-v2\data\cartoon\cs11596995419756393163.jpg,0
C:\Users\najwa\Downloads\smart-cartoon-pipeline-v2\data\real\000873.jpg,1
C:\Users\najwa\Downloads\smart-cartoon-pipeline-v2\data\real\000429.jpg,1
C:\Users\najwa\Downloads\smart-cartoon-pipeline-v2\data\cartoon\cs1161212995498400889.jpg,0
C:\Users\najwa\Downloads\smart-cartoon-pipeline-v2\data\real\000901.jpg,1
C:\Users\najwa\Downloads\smart-cartoon-pipeline-v2\data\cartoon\cs11546141918331943455.jpg,0
C:\Users\najwa\Downloads\smart-cartoon-pipeline-v2\data\real\001033.jpg,1
C:\Users\najwa\Downloads\smart-cartoon-pipeline-v2\data\real\001060.jpg,1
C:\Users\najwa\Downloads\smart-cartoon-pipeline-v2\data\cartoon\cs11502919926067511421.jpg,0
C:\Users\najwa\Downloads\smart-cartoon-pipeline-v2\data\real\000582.jpg,1
C:\Users\najwa\Downloads\smart-cartoon-pipeline-v2\data\cartoon\cs11602977117310441750.jpg,0
C:\Users\najwa\Downloads\smart-cartoon-pipeline-v2\data\real\000952.jpg,1
C:\Users\najwa\Downloads\smart-cartoon-pipeline-v2\data\cartoon\cs119114352386641056.jpg,0
C:\Users\najwa\Downloads\smart-cartoon-pipeline-v2\data\real\000837.jpg,1
C:\Users\najwa\Downloads\smart-cartoon-pipeline-v2\data\cartoon\cs11522042488382568689.jpg,0
C:\Users\najwa\Downloads\smart-cartoon-pipeline-v2\data\real\000467.jpg,1
C:\Users\najwa\Downloads\smart-cartoon-pipeline-v2\data\real\000012.jpg,1
C:\Users\najwa\Downloads\smart-cartoon-pipeline-v2\data\real\000748.jpg,1
C:\Users\najwa\Downloads\smart-cartoon-pipeline-v2\data\real\000357.jpg,1
C:\Users\najwa\Downloads\smart-cartoon-pipeline-v2\data\real\000670.jpg,1
C:\Users\najwa\Downloads\smart-cartoon-pipeline-v2\data\cartoon\cs11618494977937191530.jpg,0
C:\Users\najwa\Downloads\smart-cartoon-pipeline-v2\data\real\000021.jpg,1
C:\Users\najwa\Downloads\smart-cartoon-pipeline-v2\data\cartoon\cs11508531487192892615.jpg,0
C:\Users\najwa\Downloads\smart-cartoon-pipeline-v2\data\real\000726.jpg,1
C:\Users\najwa\Downloads\smart-cartoon-pipeline-v2\data\real\000056.jpg,1
C:\Users\najwa\Downloads\smart-cartoon-pipeline-v2\data\cartoon\cs11580405798657323126.jpg,0
C:\Users\najwa\Downloads\smart-cartoon-pipeline-v2\data\cartoon\cs11519955690169726614.jpg,0
C:\Users\najwa\Downloads\smart-cartoon-pipeline-v2\data\real\000927.jpg,1
C:\Users\najwa\Downloads\smart-cartoon-pipeline-v2\data\cartoon\cs11610481435530647463.jpg,0
C:\Users\najwa\Downloads\smart-cartoon-pipeline-v2\data\cartoon\cs11544106531116674374.jpg,0
C:\Users\najwa\Downloads\smart-cartoon-pipeline-v2\data\real\001061.jpg,1
C:\Users\najwa\Downloads\smart-cartoon-pipeline-v2\data\real\000632.jpg,1
C:\Users\najwa\Downloads\smart-cartoon-pipeline-v2\data\cartoon\cs11549883061172508364.jpg,0
C:\Users\najwa\Downloads\smart-cartoon-pipeline-v2\data\real\001063.jpg,1
C:\Users\najwa\Downloads\smart-cartoon-pipeline-v2\data\real\000028.jpg,1
C:\Users\najwa\Downloads\smart-cartoon-pipeline-v2\data\real\000605.jpg,1
C:\Users\najwa\Downloads\smart-cartoon-pipeline-v2\data\cartoon\cs11611762614190551814.jpg,0
C:\Users\najwa\Downloads\smart-cartoon-pipeline-v2\data\cartoon\cs11538222263899084420.jpg,0
C:\Users\najwa\Downloads\smart-cartoon-pipeline-v2\data\cartoon\cs1155807821621185803.jpg,0
C:\Users\najwa\Downloads\smart-cartoon-pipeline-v2\data\real\000348.jpg,1
C:\Users\najwa\Downloads\smart-cartoon-pipeline-v2\data\cartoon\cs11582822456424291779.jpg,0
C:\Users\najwa\Downloads\smart-cartoon-pipeline-v2\data\real\000033.jpg,1
C:\Users\najwa\Downloads\smart-cartoon-pipeline-v2\data\real\000817.jpg,1
C:\Users\najwa\Downloads\smart-cartoon-pipeline-v2\data\real\000803.jpg,1
C:\Users\najwa\Downloads\smart-cartoon-pipeline-v2\data\real\000097.jpg,1
C:\Users\najwa\Downloads\smart-cartoon-pipeline-v2\data\cartoon\cs11577169396951768811.jpg,0
C:\Users\najwa\Downloads\smart-cartoon-pipeline-v2\data\cartoon\cs11526899685160699805.jpg,0
C:\Users\najwa\Downloads\smart-cartoon-pipeline-v2\data\cartoon\cs11537796676663807765.jpg,0
C:\Users\najwa\Downloads\smart-cartoon-pipeline-v2\data\real\000175.jpg,1
C:\Users\najwa\Downloads\smart-cartoon-pipeline-v2\data\cartoon\cs11656680553717705830.jpg,0
C:\Users\najwa\Downloads\smart-cartoon-pipeline-v2\data\real\000019.jpg,1
C:\Users\najwa\Downloads\smart-cartoon-pipeline-v2\data\real\000940.jpg,1
C:\Users\najwa\Downloads\smart-cartoon-pipeline-v2\data\real\000534.jpg,1
C:\Users\najwa\Downloads\smart-cartoon-pipeline-v2\data\cartoon\cs11550173757233745073.jpg,0
C:\Users\najwa\Downloads\smart-cartoon-pipeline-v2\data\cartoon\cs11573997811588873265.jpg,0
C:\Users\najwa\Downloads\smart-cartoon-pipeline-v2\data\real\000604.jpg,1
C:\Users\najwa\Downloads\smart-cartoon-pipeline-v2\data\real\000072.jpg,1
C:\Users\najwa\Downloads\smart-cartoon-pipeline-v2\data\real\000331.jpg,1
C:\Users\najwa\Downloads\smart-cartoon-pipeline-v2\data\cartoon\cs11600987246534565425.jpg,0
C:\Users\najwa\Downloads\smart-cartoon-pipeline-v2\data\real\001007.jpg,1
C:\Users\najwa\Downloads\smart-cartoon-pipeline-v2\data\real\000559.jpg,1
C:\Users\najwa\Downloads\smart-cartoon-pipeline-v2\data\real\000148.jpg,1
C:\Users\najwa\Downloads\smart-cartoon-pipeline-v2\data\real\000055.jpg,1
C:\Users\najwa\Downloads\smart-cartoon-pipeline-v2\data\cartoon\cs11506415204256753140.jpg,0
C:\Users\najwa\Downloads\smart-cartoon-pipeline-v2\data\cartoon\cs11644964590609484395.jpg,0
C:\Users\najwa\Downloads\smart-cartoon-pipeline-v2\data\real\000618.jpg,1
C:\Users\najwa\Downloads\smart-cartoon-pipeline-v2\data\cartoon\cs11565672950902838487.jpg,0
C:\Users\najwa\Downloads\smart-cartoon-pipeline-v2\data\cartoon\cs11547199193081881815.jpg,0
C:\Users\najwa\Downloads\smart-cartoon-pipeline-v2\data\real\000526.jpg,1
C:\Users\najwa\Downloads\smart-cartoon-pipeline-v2\data\real\000512.jpg,1
C:\Users\najwa\Downloads\smart-cartoon-pipeline-v2\data\cartoon\cs11559780366199333033.jpg,0
C:\Users\najwa\Downloads\smart-cartoon-pipeline-v2\data\real\000170.jpg,1
C:\Users\najwa\Downloads\smart-cartoon-pipeline-v2\data\cartoon\cs11572366394246591563.jpg,0
C:\Users\najwa\Downloads\smart-cartoon-pipeline-v2\data\real\000770.jpg,1
C:\Users\najwa\Downloads\smart-cartoon-pipeline-v2\data\real\001155.jpg,1
C:\Users\najwa\Downloads\smart-cartoon-pipeline-v2\data\cartoon\cs11577787523443966972.jpg,0
C:\Users\najwa\Downloads\smart-cartoon-pipeline-v2\data\cartoon\cs11588258072883403025.jpg,0
C:\Users\najwa\Downloads\smart-cartoon-pipeline-v2\data\cartoon\cs11601212417413309518.jpg,0
C:\Users\najwa\Downloads\smart-cartoon-pipeline-v2\data\real\001032.jpg,1
C:\Users\najwa\Downloads\smart-cartoon-pipeline-v2\data\cartoon\cs120691543044416232.jpg,0
C:\Users\najwa\Downloads\smart-cartoon-pipeline-v2\data\cartoon\cs11652818038824187128.jpg,0
C:\Users\najwa\Downloads\smart-cartoon-pipeline-v2\data\real\001122.jpg,1
C:\Users\najwa\Downloads\smart-cartoon-pipeline-v2\data\cartoon\cs11539583506783881398.jpg,0
C:\Users\najwa\Downloads\smart-cartoon-pipeline-v2\data\real\000184.jpg,1
C:\Users\najwa\Downloads\smart-cartoon-pipeline-v2\data\real\000087.jpg,1
C:\Users\najwa\Downloads\smart-cartoon-pipeline-v2\data\real\000610.jpg,1
C:\Users\najwa\Downloads\smart-cartoon-pipeline-v2\data\real\001151.jpg,1
C:\Users\najwa\Downloads\smart-cartoon-pipeline-v2\data\real\000527.jpg,1
C:\Users\najwa\Downloads\smart-cartoon-pipeline-v2\data\cartoon\cs11632641119311379532.jpg,0
C:\Users\najwa\Downloads\smart-cartoon-pipeline-v2\data\real\000309.jpg,1
C:\Users\najwa\Downloads\smart-cartoon-pipeline-v2\data\cartoon\cs11518062614961680714.jpg,0
C:\Users\najwa\Downloads\smart-cartoon-pipeline-v2\data\cartoon\cs11651013085440173268.jpg,0
C:\Users\najwa\Downloads\smart-cartoon-pipeline-v2\data\real\001027.jpg,1
C:\Users\najwa\Downloads\smart-cartoon-pipeline-v2\data\cartoon\cs11568819766586537919.jpg,0
C:\Users\najwa\Downloads\smart-cartoon-pipeline-v2\data\cartoon\cs122315566226019350.jpg,0
C:\Users\najwa\Downloads\smart-cartoon-pipeline-v2\data\real\000477.jpg,1
C:\Users\najwa\Downloads\smart-cartoon-pipeline-v2\data\real\000549.jpg,1
C:\Users\najwa\Downloads\smart-cartoon-pipeline-v2\data\real\000301.jpg,1
C:\Users\najwa\Downloads\smart-cartoon-pipeline-v2\data\cartoon\cs11526286463595127149.jpg,0
C:\Users\najwa\Downloads\smart-cartoon-pipeline-v2\data\cartoon\cs11634312787889634084.jpg,0
C:\Users\najwa\Downloads\smart-cartoon-pipeline-v2\data\real\000645.jpg,1
C:\Users\najwa\Downloads\smart-cartoon-pipeline-v2\data\cartoon\cs1152393860605599809.jpg,0
C:\Users\najwa\Downloads\smart-cartoon-pipeline-v2\data\real\001009.jpg,1
C:\Users\najwa\Downloads\smart-cartoon-pipeline-v2\data\real\000875.jpg,1
C:\Users\najwa\Downloads\smart-cartoon-pipeline-v2\data\real\000371.jpg,1
C:\Users\najwa\Downloads\smart-cartoon-pipeline-v2\data\real\000941.jpg,1
C:\Users\najwa\Downloads\smart-cartoon-pipeline-v2\data\cartoon\cs11619823918696861444.jpg,0
C:\Users\najwa\Downloads\smart-cartoon-pipeline-v2\data\cartoon\cs11582679774477513923.jpg,0
C:\Users\najwa\Downloads\smart-cartoon-pipeline-v2\data\real\000760.jpg,1
C:\Users\najwa\Downloads\smart-cartoon-pipeline-v2\data\real\000719.jpg,1
C:\Users\najwa\Downloads\smart-cartoon-pipeline-v2\data\real\000807.jpg,1
C:\Users\najwa\Downloads\smart-cartoon-pipeline-v2\data\cartoon\cs11627220985617684988.jpg,0
C:\Users\najwa\Downloads\smart-cartoon-pipeline-v2\data\cartoon\cs11504468237644477478.jpg,0
C:\Users\najwa\Downloads\smart-cartoon-pipeline-v2\data\cartoon\cs11577514264402455738.jpg,0
C:\Users\najwa\Downloads\smart-cartoon-pipeline-v2\data\real\000442.jpg,1
C:\Users\najwa\Downloads\smart-cartoon-pipeline-v2\data\real\000900.jpg,1
C:\Users\najwa\Downloads\smart-cartoon-pipeline-v2\data\real\000101.jpg,1
C:\Users\najwa\Downloads\smart-cartoon-pipeline-v2\data\cartoon\cs11556364481883459966.jpg,0
C:\Users\najwa\Downloads\smart-cartoon-pipeline-v2\data\cartoon\cs11515923946152410798.jpg,0
C:\Users\najwa\Downloads\smart-cartoon-pipeline-v2\data\cartoon\cs11506615688397828623.jpg,0
C:\Users\najwa\Downloads\smart-cartoon-pipeline-v2\data\cartoon\cs125944606125860144.jpg,0
C:\Users\najwa\Downloads\smart-cartoon-pipeline-v2\data\cartoon\cs11564171670577489610.jpg,0
C:\Users\najwa\Downloads\smart-cartoon-pipeline-v2\data\real\000288.jpg,1
C:\Users\najwa\Downloads\smart-cartoon-pipeline-v2\data\cartoon\cs1158504002157475202.jpg,0
C:\Users\najwa\Downloads\smart-cartoon-pipeline-v2\data\cartoon\cs11636761191988828747.jpg,0
C:\Users\najwa\Downloads\smart-cartoon-pipeline-v2\data\real\000216.jpg,1
C:\Users\najwa\Downloads\smart-cartoon-pipeline-v2\data\cartoon\cs11593135122759262987.jpg,0
C:\Users\najwa\Downloads\smart-cartoon-pipeline-v2\data\real\000539.jpg,1
C:\Users\najwa\Downloads\smart-cartoon-pipeline-v2\data\cartoon\cs1156885397965446374.jpg,0
C:\Users\najwa\Downloads\smart-cartoon-pipeline-v2\data\real\000597.jpg,1
C:\Users\najwa\Downloads\smart-cartoon-pipeline-v2\data\real\000913.jpg,1
C:\Users\najwa\Downloads\smart-cartoon-pipeline-v2\data\real\000278.jpg,1
C:\Users\najwa\Downloads\smart-cartoon-pipeline-v2\data\cartoon\cs11619220274053565856.jpg,0
C:\Users\najwa\Downloads\smart-cartoon-pipeline-v2\data\real\001064.jpg,1
C:\Users\najwa\Downloads\smart-cartoon-pipeline-v2\data\cartoon\cs11520383677437309011.jpg,0
C:\Users\najwa\Downloads\smart-cartoon-pipeline-v2\data\real\000949.jpg,1
C:\Users\najwa\Downloads\smart-cartoon-pipeline-v2\data\cartoon\cs11546577168904287900.jpg,0
C:\Users\najwa\Downloads\smart-cartoon-pipeline-v2\data\real\000221.jpg,1
C:\Users\najwa\Downloads\smart-cartoon-pipeline-v2\data\cartoon\cs11638204337146098294.jpg,0
C:\Users\najwa\Downloads\smart-cartoon-pipeline-v2\data\cartoon\cs12828486112358342.jpg,0
C:\Users\najwa\Downloads\smart-cartoon-pipeline-v2\data\real\000950.jpg,1
C:\Users\najwa\Downloads\smart-cartoon-pipeline-v2\data\cartoon\cs11592470183489923893.jpg,0
C:\Users\najwa\Downloads\smart-cartoon-pipeline-v2\data\cartoon\cs119438058744284521.jpg,0
C:\Users\najwa\Downloads\smart-cartoon-pipeline-v2\data\real\000289.jpg,1
C:\Users\najwa\Downloads\smart-cartoon-pipeline-v2\data\real\000188.jpg,1
C:\Users\najwa\Downloads\smart-cartoon-pipeline-v2\data\real\000669.jpg,1
C:\Users\najwa\Downloads\smart-cartoon-pipeline-v2\data\real\000255.jpg,1
C:\Users\najwa\Downloads\smart-cartoon-pipeline-v2\data\cartoon\cs120562884665083985.jpg,0
C:\Users\najwa\Downloads\smart-cartoon-pipeline-v2\data\cartoon\cs11609741389662276107.jpg,0
C:\Users\najwa\Downloads\smart-cartoon-pipeline-v2\data\real\001157.jpg,1
C:\Users\najwa\Downloads\smart-cartoon-pipeline-v2\data\cartoon\cs1150422141045828478.jpg,0
C:\Users\najwa\Downloads\smart-cartoon-pipeline-v2\data\real\000128.jpg,1
C:\Users\najwa\Downloads\smart-cartoon-pipeline-v2\data\cartoon\cs11612951327639874684.jpg,0
C:\Users\najwa\Downloads\smart-cartoon-pipeline-v2\data\real\000038.jpg,1
C:\Users\najwa\Downloads\smart-cartoon-pipeline-v2\data\real\000944.jpg,1
C:\Users\najwa\Downloads\smart-cartoon-pipeline-v2\data\cartoon\cs11517365592220468170.jpg,0
C:\Users\najwa\Downloads\smart-cartoon-pipeline-v2\data\real\000161.jpg,1
C:\Users\najwa\Downloads\smart-cartoon-pipeline-v2\data\cartoon\cs11607667332031165291.jpg,0
C:\Users\najwa\Downloads\smart-cartoon-pipeline-v2\data\real\000176.jpg,1
C:\Users\najwa\Downloads\smart-cartoon-pipeline-v2\data\cartoon\cs1156827746078342409.jpg,0
C:\Users\najwa\Downloads\smart-cartoon-pipeline-v2\data\real\000085.jpg,1
C:\Users\najwa\Downloads\smart-cartoon-pipeline-v2\data\real\000203.jpg,1
C:\Users\najwa\Downloads\smart-cartoon-pipeline-v2\data\real\000124.jpg,1
C:\Users\najwa\Downloads\smart-cartoon-pipeline-v2\data\cartoon\cs11656227918863962834.jpg,0
C:\Users\najwa\Downloads\smart-cartoon-pipeline-v2\data\real\001118.jpg,1
C:\Users\najwa\Downloads\smart-cartoon-pipeline-v2\data\real\000749.jpg,1
C:\Users\najwa\Downloads\smart-cartoon-pipeline-v2\data\real\000151.jpg,1
C:\Users\najwa\Downloads\smart-cartoon-pipeline-v2\data\real\000427.jpg,1
C:\Users\najwa\Downloads\smart-cartoon-pipeline-v2\data\cartoon\cs11521506090591756974.jpg,0
C:\Users\najwa\Downloads\smart-cartoon-pipeline-v2\data\real\001031.jpg,1
C:\Users\najwa\Downloads\smart-cartoon-pipeline-v2\data\cartoon\cs11628835259223404233.jpg,0
C:\Users\najwa\Downloads\smart-cartoon-pipeline-v2\data\real\000077.jpg,1
C:\Users\najwa\Downloads\smart-cartoon-pipeline-v2\data\real\000472.jpg,1
C:\Users\najwa\Downloads\smart-cartoon-pipeline-v2\data\cartoon\cs1165833179988717257.jpg,0
C:\Users\najwa\Downloads\smart-cartoon-pipeline-v2\data\cartoon\cs11609698050597409907.jpg,0
C:\Users\najwa\Downloads\smart-cartoon-pipeline-v2\data\cartoon\cs11543107657722881985.jpg,0
